-- MySQL dump 10.13  Distrib 8.0.36, for Win64 (x86_64)
--
-- Host: localhost    Database: thuanhm
-- ------------------------------------------------------
-- Server version	8.4.0

/*!40101 SET @OLD_CHARACTER_SET_CLIENT=@@CHARACTER_SET_CLIENT */;
/*!40101 SET @OLD_CHARACTER_SET_RESULTS=@@CHARACTER_SET_RESULTS */;
/*!40101 SET @OLD_COLLATION_CONNECTION=@@COLLATION_CONNECTION */;
/*!50503 SET NAMES utf8 */;
/*!40103 SET @OLD_TIME_ZONE=@@TIME_ZONE */;
/*!40103 SET TIME_ZONE='+00:00' */;
/*!40014 SET @OLD_UNIQUE_CHECKS=@@UNIQUE_CHECKS, UNIQUE_CHECKS=0 */;
/*!40014 SET @OLD_FOREIGN_KEY_CHECKS=@@FOREIGN_KEY_CHECKS, FOREIGN_KEY_CHECKS=0 */;
/*!40101 SET @OLD_SQL_MODE=@@SQL_MODE, SQL_MODE='NO_AUTO_VALUE_ON_ZERO' */;
/*!40111 SET @OLD_SQL_NOTES=@@SQL_NOTES, SQL_NOTES=0 */;

--
-- Table structure for table `blog`
--

DROP TABLE IF EXISTS `blog`;
/*!40101 SET @saved_cs_client     = @@character_set_client */;
/*!50503 SET character_set_client = utf8mb4 */;
CREATE TABLE `blog` (
  `id` bigint NOT NULL AUTO_INCREMENT,
  `content` longtext,
  `created_at` bigint DEFAULT NULL,
  `description` text,
  `image` varchar(255) DEFAULT NULL,
  `keyword` varchar(255) DEFAULT NULL,
  `title` varchar(255) DEFAULT NULL,
  `updated_at` bigint DEFAULT NULL,
  `blogger_id` varchar(255) DEFAULT NULL,
  `category_id` varchar(255) DEFAULT NULL,
  PRIMARY KEY (`id`),
  KEY `FKh19guplpv6nxpx0b1j9ow2u28` (`blogger_id`),
  KEY `FKq69i1gk1y20c28pfm8rlkgj7x` (`category_id`),
  CONSTRAINT `FKh19guplpv6nxpx0b1j9ow2u28` FOREIGN KEY (`blogger_id`) REFERENCES `users` (`id`),
  CONSTRAINT `FKq69i1gk1y20c28pfm8rlkgj7x` FOREIGN KEY (`category_id`) REFERENCES `categories` (`id`)
) ENGINE=InnoDB AUTO_INCREMENT=2 DEFAULT CHARSET=utf8mb4 COLLATE=utf8mb4_0900_ai_ci;
/*!40101 SET character_set_client = @saved_cs_client */;

--
-- Dumping data for table `blog`
--

LOCK TABLES `blog` WRITE;
/*!40000 ALTER TABLE `blog` DISABLE KEYS */;
INSERT INTO `blog` VALUES (1,'<h1 style=\"-webkit-text-stroke-width:0px;background-color:rgb(255, 255, 255);box-sizing:border-box;color:rgb(27, 27, 27);font-family:&quot;Open Sans&quot;, -apple-system, BlinkMacSystemFont, &quot;Segoe UI&quot;, &quot;Helvetica Neue&quot;, Arial, sans-serif, &quot;Apple Color Emoji&quot;, &quot;Segoe UI Emoji&quot;, &quot;Segoe UI Symbol&quot;;font-size:1.95em;font-style:normal;font-variant-caps:normal;font-variant-ligatures:normal;letter-spacing:normal;line-height:1.2;margin:0px 0px 0.6em;orphans:2;text-align:left;text-decoration-color:initial;text-decoration-style:initial;text-decoration-thickness:initial;text-indent:0px;text-transform:none;white-space:normal;widows:2;word-spacing:0px;\" id=\"_1-chuan-bi-0\"><strong>1. Chuẩn bị</strong></h1><ul style=\"-webkit-text-stroke-width:0px;background-color:rgb(255, 255, 255);box-sizing:border-box;color:rgb(27, 27, 27);font-family:&quot;Open Sans&quot;, -apple-system, BlinkMacSystemFont, &quot;Segoe UI&quot;, &quot;Helvetica Neue&quot;, Arial, sans-serif, &quot;Apple Color Emoji&quot;, &quot;Segoe UI Emoji&quot;, &quot;Segoe UI Symbol&quot;;font-size:18px;font-style:normal;font-variant-caps:normal;font-variant-ligatures:normal;font-weight:400;letter-spacing:normal;margin-bottom:0px;margin-top:0.5em;orphans:2;text-align:left;text-decoration-color:initial;text-decoration-style:initial;text-decoration-thickness:initial;text-indent:0px;text-transform:none;white-space:normal;widows:2;word-spacing:0px;\"><li style=\"box-sizing:border-box;font-size:1em;margin-bottom:0.5em;overflow-wrap:break-word;word-break:break-word;\">Đã mua chứng chỉ SSL Comodo (Mình sử dụng SSL Comodo 160k mua tại nhà cung cấp Vietnix).</li><li style=\"box-sizing:border-box;font-size:1em;margin-bottom:0.5em;overflow-wrap:break-word;word-break:break-word;\">Đã mua máy ảo VPS và cài đặt Unbuntu 18, 20 hoặc 22 (Mình mua vps của thuevpsgiare giá 599k 1 năm).</li><li style=\"box-sizing:border-box;font-size:1em;margin-bottom:0.5em;overflow-wrap:break-word;word-break:break-word;\">Đã mua tên miền (Domain) và đã trỏ về IP của máy chủ. (Mình mua tên miền <a style=\"background-color:initial;box-sizing:border-box;color:rgb(43, 109, 173);text-decoration:none;\" target=\"_blank\" rel=\"noopener noreferrer\" href=\"http://thuanhm.com/\">thuanhm.com</a> tại vietnix)</li></ul><h1 style=\"-webkit-text-stroke-width:0px;background-color:rgb(255, 255, 255);box-sizing:border-box;color:rgb(27, 27, 27);font-family:&quot;Open Sans&quot;, -apple-system, BlinkMacSystemFont, &quot;Segoe UI&quot;, &quot;Helvetica Neue&quot;, Arial, sans-serif, &quot;Apple Color Emoji&quot;, &quot;Segoe UI Emoji&quot;, &quot;Segoe UI Symbol&quot;;font-size:1.95em;font-style:normal;font-variant-caps:normal;font-variant-ligatures:normal;letter-spacing:normal;line-height:1.2;margin:1.5em 0px 0.6em;orphans:2;text-align:left;text-decoration-color:initial;text-decoration-style:initial;text-decoration-thickness:initial;text-indent:0px;text-transform:none;white-space:normal;widows:2;word-spacing:0px;\" id=\"_2-xu-ly-file-crt-tu-nha-cung-cap-1\"><strong>2. Xử lý file .CRT từ nhà cung cấp</strong></h1><p style=\"-webkit-text-stroke-width:0px;background-color:rgb(255, 255, 255);box-sizing:border-box;color:rgb(27, 27, 27);font-family:&quot;Open Sans&quot;, -apple-system, BlinkMacSystemFont, &quot;Segoe UI&quot;, &quot;Helvetica Neue&quot;, Arial, sans-serif, &quot;Apple Color Emoji&quot;, &quot;Segoe UI Emoji&quot;, &quot;Segoe UI Symbol&quot;;font-size:18px;font-style:normal;font-variant-caps:normal;font-variant-ligatures:normal;font-weight:400;letter-spacing:-0.003em;margin-bottom:0px;margin-top:0.5em;orphans:2;overflow-wrap:break-word;text-align:left;text-decoration-color:initial;text-decoration-style:initial;text-decoration-thickness:initial;text-indent:0px;text-transform:none;white-space:normal;widows:2;word-break:break-word;word-spacing:0px;\">Sau khi mình mua chứng chỉ SSL thì nhà cung cấp sẽ gửi bộ file zip chứa các file chứng chỉ .crt qua mail (các file tương tự như bên dưới):</p><div style=\"-webkit-text-stroke-width:0px;background-color:rgb(255, 255, 255);box-sizing:border-box;color:rgb(27, 27, 27);font-family:&quot;Open Sans&quot;, -apple-system, BlinkMacSystemFont, &quot;Segoe UI&quot;, &quot;Helvetica Neue&quot;, Arial, sans-serif, &quot;Apple Color Emoji&quot;, &quot;Segoe UI Emoji&quot;, &quot;Segoe UI Symbol&quot;;font-size:18px;font-style:normal;font-variant-caps:normal;font-variant-ligatures:normal;font-weight:400;letter-spacing:normal;orphans:2;position:relative;text-align:left;text-decoration-color:initial;text-decoration-style:initial;text-decoration-thickness:initial;text-indent:0px;text-transform:none;white-space:normal;widows:2;word-spacing:0px;\" onclick=\"this.removeAttribute(\'class\');this.querySelectorAll(\'.v-markdown-it-show-more\').forEach(el => el.remove());\" onmouseenter=\"this.getElementsByClassName(\'v-markdown-it-show-more\')[0] ? this.getElementsByClassName(\'v-markdown-it-show-more\')[0].style.display=\'block\' : null\" onmouseleave=\"this.getElementsByClassName(\'v-markdown-it-show-more\')[0] ? this.getElementsByClassName(\'v-markdown-it-show-more\')[0].style.display=\'none\' : null\"><pre class=\"language-none\" style=\"background-color:rgb(241, 242, 243);border-radius:3px;border:1px solid rgb(229, 229, 229);box-sizing:border-box;color:rgb(36, 41, 46);direction:ltr;display:block;font-family:SFMono-Regular, Consolas, &quot;Liberation Mono&quot;, Menlo, Courier, monospace;font-size:15px;hyphens:none;line-height:1.45;margin:1em 0px;overflow:auto;padding:1em;tab-size:4;text-align:left;white-space:pre;word-break:normal;word-spacing:normal;\" data-filename=\"\"><code class=\"language-plaintext language-none\" style=\"box-sizing:border-box;color:rgb(36, 41, 46);direction:ltr;display:block;font-family:SFMono-Regular, Consolas, &quot;Liberation Mono&quot;, Menlo, Courier, monospace;font-size:15px;hyphens:none;line-height:1.45;overflow-wrap:break-word;tab-size:4;text-align:left;white-space:pre;word-break:normal;word-spacing:normal;\">Attached to this email you should find a .zip file containing:\r\n\r\nRoot CA Certificate - AAACertificateServices.crt\r\nIntermediate CA Certificate - USERTrustRSAAAACA.crt\r\nIntermediate CA Certificate - SectigoRSADomainValidationSecureServerCA.crt\r\nYour PositiveSSL Certificate - thuanhm_com.crt\r\n</code></pre></div><p><button class=\"v-markdown-it-code-copy\" style=\"align-items:center;appearance:button;background-color:rgb(101, 84, 84);border-radius:5px;border-style:none;box-sizing:border-box;cursor:pointer;display:flex;font-family:inherit;font-size:inherit;height:25px;justify-content:center;line-height:inherit;margin:0px;opacity:0.5;outline:none;overflow:visible;position:absolute;right:6px;text-transform:none;top:7.5px;\" data-clipboard-text=\"Attached to this email you should find a .zip file containing:\r\n\r\nRoot CA Certificate - AAACertificateServices.crt\r\nIntermediate CA Certificate - USERTrustRSAAAACA.crt\r\nIntermediate CA Certificate - SectigoRSADomainValidationSecureServerCA.crt\r\nYour PositiveSSL Certificate - thuanhm_com.crt\r\n\" delay=\"2000\" title=\"Sao chép\"><span class=\"v-markdown-icon el-icon-document-copy\" style=\"box-sizing: border-box; speak: none; font-style: normal; font-weight: 400; font-feature-settings: normal; font-variant: normal; text-transform: none; line-height: 1; vertical-align: initial; display: inline-block; -webkit-font-smoothing: antialiased; font-family: element-icons !important; font-size: 16px; color: rgb(255, 255, 255);\"></span></button></p><p style=\"-webkit-text-stroke-width:0px;background-color:rgb(255, 255, 255);box-sizing:border-box;color:rgb(27, 27, 27);font-family:&quot;Open Sans&quot;, -apple-system, BlinkMacSystemFont, &quot;Segoe UI&quot;, &quot;Helvetica Neue&quot;, Arial, sans-serif, &quot;Apple Color Emoji&quot;, &quot;Segoe UI Emoji&quot;, &quot;Segoe UI Symbol&quot;;font-size:18px;font-style:normal;font-variant-caps:normal;font-variant-ligatures:normal;font-weight:400;letter-spacing:-0.003em;margin-bottom:0px;margin-top:1.5em;orphans:2;overflow-wrap:break-word;text-align:left;text-decoration-color:initial;text-decoration-style:initial;text-decoration-thickness:initial;text-indent:0px;text-transform:none;white-space:normal;widows:2;word-break:break-word;word-spacing:0px;\">Giải thích thêm về các file chứng chỉ SSL:</p><p style=\"-webkit-text-stroke-width:0px;background-color:rgb(255, 255, 255);box-sizing:border-box;color:rgb(27, 27, 27);font-family:&quot;Open Sans&quot;, -apple-system, BlinkMacSystemFont, &quot;Segoe UI&quot;, &quot;Helvetica Neue&quot;, Arial, sans-serif, &quot;Apple Color Emoji&quot;, &quot;Segoe UI Emoji&quot;, &quot;Segoe UI Symbol&quot;;font-size:18px;font-style:normal;font-variant-caps:normal;font-variant-ligatures:normal;font-weight:400;letter-spacing:-0.003em;margin-bottom:0px;margin-top:1.5em;orphans:2;overflow-wrap:break-word;text-align:left;text-decoration-color:initial;text-decoration-style:initial;text-decoration-thickness:initial;text-indent:0px;text-transform:none;white-space:normal;widows:2;word-break:break-word;word-spacing:0px;\"><strong style=\"box-sizing:border-box;font-weight:bolder;\">- Root CA Certificate - AAACertificateServices.crt:</strong> Đây là chứng chỉ gốc (root certificate) được cấp bởi một Cơ quan Chứng thực (Certificate Authority - CA) đáng tin cậy. Trong trường hợp này, AAA Certificate Services là CA gốc. Chứng chỉ này là điểm khởi đầu của chuỗi tin cậy và thường được cài đặt sẵn trong hệ điều hành hoặc trình duyệt.<br><strong style=\"box-sizing:border-box;font-weight:bolder;\">- Intermediate CA Certificate - USERTrustRSAAAACA.crt:</strong> Đây là chứng chỉ trung gian thứ nhất trong chuỗi. Nó được ký bởi Root CA và sau đó ký cho chứng chỉ trung gian tiếp theo hoặc chứng chỉ cuối cùng. Chứng chỉ này giúp tạo ra một chuỗi tin cậy từ Root CA đến chứng chỉ của bạn..<br><strong style=\"box-sizing:border-box;font-weight:bolder;\">- Intermediate CA Certificate - SectigoRSADomainValidationSecureServerCA.crt:</strong> Đây là chứng chỉ trung gian thứ hai. Nó được ký bởi chứng chỉ trung gian trước đó (USERTrustRSAAAACA) và sẽ ký cho chứng chỉ cuối cùng của bạn. Sectigo là nhà cung cấp SSL cụ thể trong trường hợp này.<br><strong style=\"box-sizing:border-box;font-weight:bolder;\">- Your PositiveSSL Certificate - thuanhm_com.crt:</strong> Đây là chứng chỉ SSL cụ thể cho tên miền của bạn (<a style=\"background-color:initial;box-sizing:border-box;color:rgb(43, 109, 173);text-decoration:none;\" target=\"_blank\" rel=\"noopener noreferrer\" href=\"http://thuanhm.com/\">thuanhm.com</a>). Nó được ký bởi chứng chỉ trung gian cuối cùng (SectigoRSADomainValidationSecureServerCA). Đây là chứng chỉ mà máy chủ của bạn sẽ sử dụng để xác thực với các trình duyệt của người dùng..<br>&nbsp;</p><p style=\"-webkit-text-stroke-width:0px;background-color:rgb(255, 255, 255);box-sizing:border-box;color:rgb(27, 27, 27);font-family:&quot;Open Sans&quot;, -apple-system, BlinkMacSystemFont, &quot;Segoe UI&quot;, &quot;Helvetica Neue&quot;, Arial, sans-serif, &quot;Apple Color Emoji&quot;, &quot;Segoe UI Emoji&quot;, &quot;Segoe UI Symbol&quot;;font-size:18px;font-style:normal;font-variant-caps:normal;font-variant-ligatures:normal;font-weight:400;letter-spacing:-0.003em;margin-bottom:0px;margin-top:1.5em;orphans:2;overflow-wrap:break-word;text-align:left;text-decoration-color:initial;text-decoration-style:initial;text-decoration-thickness:initial;text-indent:0px;text-transform:none;white-space:normal;widows:2;word-break:break-word;word-spacing:0px;\">Khi cài đặt SSL trên máy chủ, Chúng ta thường cần kết hợp các file này thành một chuỗi chứng chỉ (certificate chain) theo thứ tự:.<br>thuanhm_com.crt<br>SectigoRSADomainValidationSecureServerCA.crt<br>USERTrustRSAAAACA.crt<br>AAACertificateServices.crt<br>&nbsp;</p><p style=\"-webkit-text-stroke-width:0px;background-color:rgb(255, 255, 255);box-sizing:border-box;color:rgb(27, 27, 27);font-family:&quot;Open Sans&quot;, -apple-system, BlinkMacSystemFont, &quot;Segoe UI&quot;, &quot;Helvetica Neue&quot;, Arial, sans-serif, &quot;Apple Color Emoji&quot;, &quot;Segoe UI Emoji&quot;, &quot;Segoe UI Symbol&quot;;font-size:18px;font-style:normal;font-variant-caps:normal;font-variant-ligatures:normal;font-weight:400;letter-spacing:-0.003em;margin-bottom:0px;margin-top:1.5em;orphans:2;overflow-wrap:break-word;text-align:left;text-decoration-color:initial;text-decoration-style:initial;text-decoration-thickness:initial;text-indent:0px;text-transform:none;white-space:normal;widows:2;word-break:break-word;word-spacing:0px;\">Vậy nên bạn cần tạo 1 file domain.crt với nội dung từ các file trên</p><figure class=\"image\"><img class=\"article-img\" style=\"aspect-ratio:411/107;border-style:none;box-sizing:border-box;cursor:pointer;display:block;margin:1.5em auto;max-width:100%;text-align:center;vertical-align:initial;\" src=\"https://images.viblo.asia/8b71dc43-76fe-4b15-8bca-26bc8595a450.png\" alt=\"\" width=\"411\" height=\"107\"></figure><p style=\"-webkit-text-stroke-width:0px;background-color:rgb(255, 255, 255);box-sizing:border-box;color:rgb(27, 27, 27);font-family:&quot;Open Sans&quot;, -apple-system, BlinkMacSystemFont, &quot;Segoe UI&quot;, &quot;Helvetica Neue&quot;, Arial, sans-serif, &quot;Apple Color Emoji&quot;, &quot;Segoe UI Emoji&quot;, &quot;Segoe UI Symbol&quot;;font-size:18px;font-style:normal;font-variant-caps:normal;font-variant-ligatures:normal;font-weight:400;letter-spacing:-0.003em;margin-bottom:0px;margin-top:1.5em;orphans:2;overflow-wrap:break-word;text-align:left;text-decoration-color:initial;text-decoration-style:initial;text-decoration-thickness:initial;text-indent:0px;text-transform:none;white-space:normal;widows:2;word-break:break-word;word-spacing:0px;\">Nội dung file tương tự như sau:</p><div class=\"v-markdown-content-box\" style=\"-webkit-text-stroke-width:0px;background-color:rgb(255, 255, 255);box-sizing:border-box;color:rgb(27, 27, 27);cursor:pointer;font-family:&quot;Open Sans&quot;, -apple-system, BlinkMacSystemFont, &quot;Segoe UI&quot;, &quot;Helvetica Neue&quot;, Arial, sans-serif, &quot;Apple Color Emoji&quot;, &quot;Segoe UI Emoji&quot;, &quot;Segoe UI Symbol&quot;;font-size:18px;font-style:normal;font-variant-caps:normal;font-variant-ligatures:normal;font-weight:400;letter-spacing:normal;mask-image:linear-gradient(rgb(0, 0, 0) 60%, transparent);max-height:300px;orphans:2;padding-bottom:1rem;position:relative;text-align:left;text-decoration-color:initial;text-decoration-style:initial;text-decoration-thickness:initial;text-indent:0px;text-transform:none;white-space:normal;widows:2;word-spacing:0px;\" onclick=\"this.removeAttribute(\'class\');this.querySelectorAll(\'.v-markdown-it-show-more\').forEach(el => el.remove());\" onmouseenter=\"this.getElementsByClassName(\'v-markdown-it-show-more\')[0] ? this.getElementsByClassName(\'v-markdown-it-show-more\')[0].style.display=\'block\' : null\" onmouseleave=\"this.getElementsByClassName(\'v-markdown-it-show-more\')[0] ? this.getElementsByClassName(\'v-markdown-it-show-more\')[0].style.display=\'none\' : null\"><pre class=\"language-none\" style=\"background-color:rgb(241, 242, 243);border-radius:3px;border:1px solid rgb(229, 229, 229);box-sizing:border-box;color:rgb(36, 41, 46);direction:ltr;display:block;font-family:SFMono-Regular, Consolas, &quot;Liberation Mono&quot;, Menlo, Courier, monospace;font-size:15px;hyphens:none;line-height:1.45;margin:1em 0px;overflow:auto;padding:1em;tab-size:4;text-align:left;white-space:pre;word-break:normal;word-spacing:normal;\" data-filename=\"\"><code class=\"language-plaintext language-none\" style=\"box-sizing:border-box;color:rgb(36, 41, 46);direction:ltr;display:block;font-family:SFMono-Regular, Consolas, &quot;Liberation Mono&quot;, Menlo, Courier, monospace;font-size:15px;hyphens:none;line-height:1.45;overflow-wrap:break-word;tab-size:4;text-align:left;white-space:pre;word-break:normal;word-spacing:normal;\">-----BEGIN CERTIFICATE-----\r\nMKKGMDCCBRigAwIBAgIRAP1GkWZZLHQTJuOYlXZvgyUwDQYJKoZIhvcNAQELBQAw\r\ngY8xCzAJBgNVBAYTAkdCMRswGQYDVQQIExJHcmVhdGVyIE1hbmNoZXN0ZXIxEDAO\r\nBgNVBAcTB1NhbGZvcmQxGDAWBgNVBAoTD1NlY3RpZ28gTGltaXRlZDE3MDUGA1UE\r\nAxMuU2VjdGlnbyBSU0EgRG9tYWluIFZhbGlkYXRpb24gU2VjdXJlIFNlcnZlciBD\r\nQTAeFw0yNDA5MDYwMDAwMDBaFw0yNTA5MDUyMzU5NTlaMBYxFDASBgNVBAMTC3Ro\r\ndWFuaG0uY29tMIIBIjANBgkqhkiG9w0BAQEFAAOCAQ8AMIIBCgKCAQEAlAYS81nB\r\nlEi8NpC5UbWXG7PqOrLYGJO4ZZGxaSkBlw3/ZWI48LxHZRzSUpTfkY894CofEnZq\r\nbdx9LEY2e/5OzDLCeq1zPnOIRgrFWWJ3IdAA2sgrnSDS+hrTy0d75G56rb6qUqhY\r\nQaYoPv6DUoygS8yRdFPh6z2oRdz8BfA+0uDSFUZyin/L12NViIXNtjC1R6Kv2RQZ\r\nB2NRLP6aqzgK2+bPq6Jy2NSE478TqtE9y6nlr3MeoHB6A6K7TTnNQ1OmyKLGpzEd\r\nsJSjfg98mYSiFVt3IYl7MAfKDC1yrLvS5yoR2wfcDzXuWVdaVHEzeSU/slckVxT0\r\nHG/SB0soHwtO/wIDAQABo4IC/TCCAvkwHwYDVR0jBBgwFoAUjYxexFStiuF36Zv5\r\nmwXhuAGNYeEwHQYDVR0OBBYEFNxDld0YPJXu2sF9XzZacx5mtXBVMA4GA1UdDwEB\r\n/wQEAwIFoDAMBgNVHRMBAf8EAjAAMB0GA1UdJQQWMBQGCCsGAQUFBwMBBggrBgEF\r\nBQcDAjBJBgNVHSAEQjBAMDQGCysGAQQBsjEBAgIHMCUwIwYIKwYBBQUHAgEWF2h0\r\ndHBzOi8vc2VjdGlnby5jb20vQ1BTMAgGBmeBDAECATCBhAYIKwYBBQUHAQEEeDB2\r\nME8GCCsGAQUFBzAChkNodHRwOi8vY3J0LnNlY3RpZ28uY29tL1NlY3RpZ29SU0FE\r\nb21haW5WYWxpZGF0aW9uU2VjdXJlU2VydmVyQ0EuY3J0MCMGCCsGAQUFBzABhhdo\r\ndHRwOi8vb2NzcC5zZWN0aWdvLmNvbTAnBgNVHREEIDAeggt0aHVhbmhtLmNvbYIP\r\nd3d3LnRodWFuaG0uY29tMIIBfQYKKwYBBAHWeQIEAgSCAW0EggFpAWcAdQDd3Mo0\r\nldfhFgXnlTL6x5/4PRxQ39sAOhQSdgosrLvIKgAAAZHI1OkiAAAEAwBGMEQCIBSN\r\nTMTinl9wQcRMF6SZz+GHl4FRgvGtFK/ECkiKuyrDAiAEZe4zTiB1jxhJdd2veRCk\r\nTbX+sUXI1e/ie6ukGhhSKwB2AA3h8jAr0w3BQGISCepVLvxHdHyx1+kw7w5CHrR+\r\nTqo0AAABkcjU6QAAAAQDAEcwRQIhANLm35C70yY+kJ85by9oQjemor16bjPSBbSB\r\nmZPqDGd7AiBvS6M09iYbEN4hjnP9hdwFikjzSfsOPmuW8ANAy0XHSwB2ABLxTjS9\r\nU3JMhAYZw48/ehP457Vih4icbTAFhOvlhiY6AAABkcjU6QAAAAQDAEcwRQIhAOqZ\r\npVrW1asKnu150v+LAAhhMWM4i5h5TR8h+lrTSPuMAiB/sgTgAu802utjTL/Wxxd4\r\nEx/vKNPBSQ1FphD5hc9AVzANBgkqhkiG9w0BAQsFAAOCAQEAzdV5n/zE4GFyWMCv\r\noe5jmb2fkqF2DwRJIVo9ylTu36G9W4pEVAgRSR8aLRWhBQatFFYTx2Ga1zj7y84u\r\nsp62fAJ1t47DEU+qbnhZ3pRjTPlgjNnXe6Rk4StkHs/Cqwf6bxfBnXKgGWjYT+gU\r\n7yILcjbs0UX9uRML69kGNchgoRQF3Gr6LL+9Li5YqbkmD5MPAsdp0OGGn+nV5oB5\r\ntzCWp1UB7s8BmPrTjiivO4V8o6lQtcO9J6a9qWKxV/wBGAh+wLLTdh7VEGYYn3mS\r\nUmUWo53wKZyiJucIGCEmkLaN8qcIbAkVY4gTEeywkySQciII8JQ+j5Wu7OdntYy0\r\nGxNkQW==\r\n-----END CERTIFICATE-----\r\n-----BEGIN CERTIFICATE-----\r\nMIIGEzCCA/ugAwIBAgIQfVtRJrR2uhHbdBYLvFMNpzANBgkqhkiG9w0BAQwFADCB\r\niDELMAkGA1UEBhMCVVMxEzARBgNVBAgTCk5ldyBKZXJzZXkxFDASBgNVBAcTC0pl\r\ncnNleSBDaXR5MR4wHAYDVQQKExVUaGUgVVNFUlRSVVNUIE5ldHdvcmsxLjAsBgNV\r\nBAMTJVVTRVJUcnVzdCBSU0EgQ2VydGlmaWNhdGlvbiBBdXRob3JpdHkwHhcNMTgx\r\nMTAyMDAwMDAwWhcNMzAxMjMxMjM1OTU5WjCBjzELMAkGA1UEBhMCR0IxGzAZBgNV\r\nBAgTEkdyZWF0ZXIgTWFuY2hlc3RlcjEQMA4GA1UEBxMHU2FsZm9yZDEYMBYGA1UE\r\nChMPU2VjdGlnbyBMaW1pdGVkMTcwNQYDVQQDEy5TZWN0aWdvIFJTQSBEb21haW4g\r\nVmFsaWRhdGlvbiBTZWN1cmUgU2VydmVyIENBMIIBIjANBgkqhkiG9w0BAQEFAAOC\r\nAQ8AMIIBCgKCAQEA1nMz1tc8INAA0hdFuNY+B6I/x0HuMjDJsGz99J/LEpgPLT+N\r\nTQEMgg8Xf2Iu6bhIefsWg06t1zIlk7cHv7lQP6lMw0Aq6Tn/2YHKHxYyQdqAJrkj\r\neocgHuP/IJo8lURvh3UGkEC0MpMWCRAIIz7S3YcPb11RFGoKacVPAXJpz9OTTG0E\r\noKMbgn6xmrntxZ7FN3ifmgg0+1YuWMQJDgZkW7w33PGfKGioVrCSo1yfu4iYCBsk\r\nHaswha6vsC6eep3BwEIc4gLw6uBK0u+QDrTBQBbwb4VCSmT3pDCg/r8uoydajotY\r\nuK3DGReEY+1vVv2Dy2A0xHS+5p3b4eTlygxfFQIDAQABo4IBbjCCAWowHwYDVR0j\r\nBBgwFoAUU3m/WqorSs9UgOHYm8Cd8rIDZsswHQYDVR0OBBYEFI2MXsRUrYrhd+mb\r\n+ZsF4bgBjWHhMA4GA1UdDwEB/wQEAwIBhjASBgNVHRMBAf8ECDAGAQH/AgEAMB0G\r\nA1UdJQQWMBQGCCsGAQUFBwMBBggrBgEFBQcDAjAbBgNVHSAEFDASMAYGBFUdIAAw\r\nCAYGZ4EMAQIBMFAGA1UdHwRJMEcwRaBDoEGGP2h0dHA6Ly9jcmwudXNlcnRydXN0\r\nLmNvbS9VU0VSVHJ1c3RSU0FDZXJ0aWZpY2F0aW9uQXV0aG9yaXR5LmNybDB2Bggr\r\nBgEFBQcBAQRqMGgwPwYIKwYBBQUHMAKGM2h0dHA6Ly9jcnQudXNlcnRydXN0LmNv\r\nbS9VU0VSVHJ1c3RSU0FBZGRUcnVzdENBLmNydDAlBggrBgEFBQcwAYYZaHR0cDov\r\nL29jc3AudXNlcnRydXN0LmNvbTANBgkqhkiG9w0BAQwFAAOCAgEAMr9hvQ5Iw0/H\r\nukdN+Jx4GQHcEx2Ab/zDcLRSmjEzmldS+zGea6TvVKqJjUAXaPgREHzSyrHxVYbH\r\n7rM2kYb2OVG/Rr8PoLq0935JxCo2F57kaDl6r5ROVm+yezu/Coa9zcV3HAO4OLGi\r\nH19+24rcRki2aArPsrW04jTkZ6k4Zgle0rj8nSg6F0AnwnJOKf0hPHzPE/uWLMUx\r\nRP0T7dWbqWlod3zu4f+k+TY4CFM5ooQ0nBnzvg6s1SQ36yOoeNDT5++SR2RiOSLv\r\nxvcRviKFxmZEJCaOEDKNyJOuB56DPi/Z+fVGjmO+wea03KbNIaiGCpXZLoUmGv38\r\nsbZXQm2V0TP2ORQGgkE49Y9Y3IBbpNV9lXj9p5v//cWoaasm56ekBYdbqbe4oyAL\r\nl6lFhd2zi+WJN44pDfwGF/Y4QA5C5BIG+3vzxhFoYt/jmPQT2BVPi7Fp2RBgvGQq\r\n6jG35LWjOhSbJuMLe/0CjraZwTiXWTb2qHSihrZe68Zk6s+go/lunrotEbaGmAhY\r\nLcmsJWTyXnW0OMGuf1pGg+pRyrbxmRE1a6Vqe8YAsOf4vmSyrcjC8azjUeqkk+B5\r\nyOGBQMkKW+ESPMFgKuOXwIlCypTPRpgSabuY0MLTDXJLR27lk8QyKGOHQ+SwMj4K\r\n00u/I5sUKUErmgQfky3xxzlIPK1aEn8=\r\n-----END CERTIFICATE-----\r\n-----BEGIN CERTIFICATE-----\r\nMIIFgTCCBGmgAwIBAgIQOXJEOvkit1HX02wQ3TE1lTANBgkqhkiG9w0BAQwFADB7\r\nMQswCQYDVQQGEwJHQjEbMBkGA1UECAwSR3JlYXRlciBNYW5jaGVzdGVyMRAwDgYD\r\nVQQHDAdTYWxmb3JkMRowGAYDVQQKDBFDb21vZG8gQ0EgTGltaXRlZDEhMB8GA1UE\r\nAwwYQUFBIENlcnRpZmljYXRlIFNlcnZpY2VzMB4XDTE5MDMxMjAwMDAwMFoXDTI4\r\nMTIzMTIzNTk1OVowgYgxCzAJBgNVBAYTAlVTMRMwEQYDVQQIEwpOZXcgSmVyc2V5\r\nMRQwEgYDVQQHEwtKZXJzZXkgQ2l0eTEeMBwGA1UEChMVVGhlIFVTRVJUUlVTVCBO\r\nZXR3b3JrMS4wLAYDVQQDEyVVU0VSVHJ1c3QgUlNBIENlcnRpZmljYXRpb24gQXV0\r\naG9yaXR5MIICIjANBgkqhkiG9w0BAQEFAAOCAg8AMIICCgKCAgEAgBJlFzYOw9sI\r\ns9CsVw127c0n00ytUINh4qogTQktZAnczomfzD2p7PbPwdzx07HWezcoEStH2jnG\r\nvDoZtF+mvX2do2NCtnbyqTsrkfjib9DsFiCQCT7i6HTJGLSR1GJk23+jBvGIGGqQ\r\nIjy8/hPwhxR79uQfjtTkUcYRZ0YIUcuGFFQ/vDP+fmyc/xadGL1RjjWmp2bIcmfb\r\nIWax1Jt4A8BQOujM8Ny8nkz+rwWWNR9XWrf/zvk9tyy29lTdyOcSOk2uTIq3XJq0\r\ntyA9yn8iNK5+O2hmAUTnAU5GU5szYPeUvlM3kHND8zLDU+/bqv50TmnHa4xgk97E\r\nxwzf4TKuzJM7UXiVZ4vuPVb+DNBpDxsP8yUmazNt925H+nND5X4OpWaxKXwyhGNV\r\nicQNwZNUMBkTrNN9N6frXTpsNVzbQdcS2qlJC9/YgIoJk2KOtWbPJYjNhLixP6Q5\r\nD9kCnusSTJV882sFqV4Wg8y4Z+LoE53MW4LTTLPtW//e5XOsIzstAL81VXQJSdhJ\r\nWBp/kjbmUZIO8yZ9HE0XvMnsQybQv0FfQKlERPSZ51eHnlAfV1SoPv10Yy+xUGUJ\r\n5lhCLkMaTLTwJUdZ+gQek9QmRkpQgbLevni3/GcV4clXhB4PY9bpYrrWX1Uu6lzG\r\nKAgEJTm4Diup8kyXHAc/DVL17e8vgg8CAwEAAaOB8jCB7zAfBgNVHSMEGDAWgBSg\r\nEQojPpbxB+zirynvgqV/0DCktDAdBgNVHQ4EFgQUU3m/WqorSs9UgOHYm8Cd8rID\r\nZsswDgYDVR0PAQH/BAQDAgGGMA8GA1UdEwEB/wQFMAMBAf8wEQYDVR0gBAowCDAG\r\nBgRVHSAAMEMGA1UdHwQ8MDowOKA2oDSGMmh0dHA6Ly9jcmwuY29tb2RvY2EuY29t\r\nL0FBQUNlcnRpZmljYXRlU2VydmljZXMuY3JsMDQGCCsGAQUFBwEBBCgwJjAkBggr\r\nBgEFBQcwAYYYaHR0cDovL29jc3AuY29tb2RvY2EuY29tMA0GCSqGSIb3DQEBDAUA\r\nA4IBAQAYh1HcdCE9nIrgJ7cz0C7M7PDmy14R3iJvm3WOnnL+5Nb+qh+cli3vA0p+\r\nrvSNb3I8QzvAP+u431yqqcau8vzY7qN7Q/aGNnwU4M309z/+3ri0ivCRlv79Q2R+\r\n/czSAaF9ffgZGclCKxO/WIu6pKJmBHaIkU4MiRTOok3JMrO66BQavHHxW/BBC5gA\r\nCiIDEOUMsfnNkjcZ7Tvx5Dq2+UUTJnWvu6rvP3t3O9LEApE9GQDTF1w52z97GA1F\r\nzZOFli9d31kWTz9RvdVFGD/tSo7oBmF0Ixa1DVBzJ0RHfxBdiSprhTEUxOipakyA\r\nvGp4z7h/jnZymQyd/teRCBaho1+V\r\n-----END CERTIFICATE-----\r\n-----BEGIN CERTIFICATE-----\r\nMIIEMjCCAxqgAwIBAgIBATANBgkqhkiG9w0BAQUFADB7MQswCQYDVQQGEwJHQjEb\r\nMBkGA1UECAwSR3JlYXRlciBNYW5jaGVzdGVyMRAwDgYDVQQHDAdTYWxmb3JkMRow\r\nGAYDVQQKDBFDb21vZG8gQ0EgTGltaXRlZDEhMB8GA1UEAwwYQUFBIENlcnRpZmlj\r\nYXRlIFNlcnZpY2VzMB4XDTA0MDEwMTAwMDAwMFoXDTI4MTIzMTIzNTk1OVowezEL\r\nMAkGA1UEBhMCR0IxGzAZBgNVBAgMEkdyZWF0ZXIgTWFuY2hlc3RlcjEQMA4GA1UE\r\nBwwHU2FsZm9yZDEaMBgGA1UECgwRQ29tb2RvIENBIExpbWl0ZWQxITAfBgNVBAMM\r\nGEFBQSBDZXJ0aWZpY2F0ZSBTZXJ2aWNlczCCASIwDQYJKoZIhvcNAQEBBQADggEP\r\nADCCAQoCggEBAL5AnfRu4ep2hxxNRUSOvkbIgwadwSr+GB+O5AL686tdUIoWMQua\r\nBtDFcCLNSS1UY8y2bmhGC1Pqy0wkwLxyTurxFa70VJoSCsN6sjNg4tqJVfMiWPPe\r\n3M/vg4aijJRPn2jymJBGhCfHdr/jzDUsi14HZGWCwEiwqJH5YZ92IFCokcdmtet4\r\nYgNW8IoaE+oxox6gmf049vYnMlhvB/VruPsUK6+3qszWY19zjNoFmag4qMsXeDZR\r\nrOme9Hg6jc8P2ULimAyrL58OAd7vn5lJ8S3frHRNG5i1R8XlKdH5kBjHYpy+g8cm\r\nez6KJcfA3Z3mNWgQIJ2P2N7Sw4ScDV7oL8kCAwEAAaOBwDCBvTAdBgNVHQ4EFgQU\r\noBEKIz6W8Qfs4q8p74Klf9AwpLQwDgYDVR0PAQH/BAQDAgEGMA8GA1UdEwEB/wQF\r\nMAMBAf8wewYDVR0fBHQwcjA4oDagNIYyaHR0cDovL2NybC5jb21vZG9jYS5jb20v\r\nQUFBQ2VydGlmaWNhdGVTZXJ2aWNlcy5jcmwwNqA0oDKGMGh0dHA6Ly9jcmwuY29t\r\nb2RvLm5ldC9BQUFDZXJ0aWZpY2F0ZVNlcnZpY2VzLmNybDANBgkqhkiG9w0BAQUF\r\nAAOCAQEACFb8AvCb6P+k+tZ7xkSAzk/ExfYAWMymtrwUSWgEdujm7l3sAg9g1o1Q\r\nGE8mTgHj5rCl7r+8dFRBv/38ErjHT1r0iWAFf2C3BUrz9vHCv8S5dIa2LX1rzNLz\r\nRt0vxuBqw8M0Ayx9lt1awg6nCpnBBYurDC/zXDrPbDdVCYfeU0BsWO/8tqtlbgT2\r\nG9w84FoVxp7Z8VlIMCFlA2zs6SFz7JsDoeA3raAVGI/6ugLOpyypEBMs1OUIJqsi\r\nl2D4kF501KKaU73yqWjgom7C12yxow+ev+to51byrvLjKzg6CYG1a4XXvi3tPxq3\r\nsmPi9WIsgtRqAEFQ8TmDn5XpNpaYbg==\r\n-----END CERTIFICATE-----\r\n</code></pre></div><p>&nbsp;</p><div class=\"v-markdown-content-box\" style=\"-webkit-text-stroke-width:0px;background-color:rgb(255, 255, 255);box-sizing:border-box;color:rgb(27, 27, 27);cursor:pointer;font-family:&quot;Open Sans&quot;, -apple-system, BlinkMacSystemFont, &quot;Segoe UI&quot;, &quot;Helvetica Neue&quot;, Arial, sans-serif, &quot;Apple Color Emoji&quot;, &quot;Segoe UI Emoji&quot;, &quot;Segoe UI Symbol&quot;;font-size:18px;font-style:normal;font-variant-caps:normal;font-variant-ligatures:normal;font-weight:400;letter-spacing:normal;mask-image:linear-gradient(rgb(0, 0, 0) 60%, transparent);max-height:300px;orphans:2;padding-bottom:1rem;position:relative;text-align:left;text-decoration-color:initial;text-decoration-style:initial;text-decoration-thickness:initial;text-indent:0px;text-transform:none;white-space:normal;widows:2;word-spacing:0px;\" onclick=\"this.removeAttribute(\'class\');this.querySelectorAll(\'.v-markdown-it-show-more\').forEach(el => el.remove());\" onmouseenter=\"this.getElementsByClassName(\'v-markdown-it-show-more\')[0] ? this.getElementsByClassName(\'v-markdown-it-show-more\')[0].style.display=\'block\' : null\" onmouseleave=\"this.getElementsByClassName(\'v-markdown-it-show-more\')[0] ? this.getElementsByClassName(\'v-markdown-it-show-more\')[0].style.display=\'none\' : null\"><div class=\"v-content-flex-center\" style=\"align-items:center;box-sizing:border-box;display:flex;justify-content:center;\">&nbsp;</div></div><h1 style=\"-webkit-text-stroke-width:0px;background-color:rgb(255, 255, 255);box-sizing:border-box;color:rgb(27, 27, 27);font-family:&quot;Open Sans&quot;, -apple-system, BlinkMacSystemFont, &quot;Segoe UI&quot;, &quot;Helvetica Neue&quot;, Arial, sans-serif, &quot;Apple Color Emoji&quot;, &quot;Segoe UI Emoji&quot;, &quot;Segoe UI Symbol&quot;;font-size:1.95em;font-style:normal;font-variant-caps:normal;font-variant-ligatures:normal;letter-spacing:normal;line-height:1.2;margin:1.5em 0px 0.6em;orphans:2;text-align:left;text-decoration-color:initial;text-decoration-style:initial;text-decoration-thickness:initial;text-indent:0px;text-transform:none;white-space:normal;widows:2;word-spacing:0px;\" id=\"_3-tai-va-luu-file-key-tu-nha-cung-cap-2\"><strong>3. Tải và Lưu file .key từ nhà cung cấp</strong></h1><p style=\"-webkit-text-stroke-width:0px;background-color:rgb(255, 255, 255);box-sizing:border-box;color:rgb(27, 27, 27);font-family:&quot;Open Sans&quot;, -apple-system, BlinkMacSystemFont, &quot;Segoe UI&quot;, &quot;Helvetica Neue&quot;, Arial, sans-serif, &quot;Apple Color Emoji&quot;, &quot;Segoe UI Emoji&quot;, &quot;Segoe UI Symbol&quot;;font-size:18px;font-style:normal;font-variant-caps:normal;font-variant-ligatures:normal;font-weight:400;letter-spacing:-0.003em;margin-bottom:0px;margin-top:0.5em;orphans:2;overflow-wrap:break-word;text-align:left;text-decoration-color:initial;text-decoration-style:initial;text-decoration-thickness:initial;text-indent:0px;text-transform:none;white-space:normal;widows:2;word-break:break-word;word-spacing:0px;\">Khi mua SSL tại nhà cung cấp vietnix thì bên họ đã tạo sẽ key và file csr cho mình rồi, giờ chỉ cần tải file .key về lưu vào thư mục ssl chung với thư mục domain.crt. Mình cũng đổi tên lại domain.key cho đồng bộ.</p><figure class=\"image\"><img class=\"article-img\" style=\"aspect-ratio:777/300;border-style:none;box-sizing:border-box;cursor:pointer;display:block;margin:1.5em auto;max-width:100%;text-align:center;vertical-align:initial;\" src=\"https://images.viblo.asia/5afea423-2589-4efe-b1f8-d5f3db5981ad.png\" alt=\"\" width=\"777\" height=\"300\"></figure><figure class=\"image\"><img class=\"article-img\" style=\"aspect-ratio:825/540;border-style:none;box-sizing:border-box;cursor:pointer;display:block;margin:1.5em auto;max-width:100%;text-align:center;vertical-align:initial;\" src=\"https://images.viblo.asia/9f6949d2-65c7-4457-a19e-47fd154cb3de.png\" alt=\"\" width=\"825\" height=\"540\"></figure><h1 style=\"-webkit-text-stroke-width:0px;background-color:rgb(255, 255, 255);box-sizing:border-box;color:rgb(27, 27, 27);font-family:&quot;Open Sans&quot;, -apple-system, BlinkMacSystemFont, &quot;Segoe UI&quot;, &quot;Helvetica Neue&quot;, Arial, sans-serif, &quot;Apple Color Emoji&quot;, &quot;Segoe UI Emoji&quot;, &quot;Segoe UI Symbol&quot;;font-size:1.95em;font-style:normal;font-variant-caps:normal;font-variant-ligatures:normal;letter-spacing:normal;line-height:1.2;margin:1.5em 0px 0.6em;orphans:2;text-align:left;text-decoration-color:initial;text-decoration-style:initial;text-decoration-thickness:initial;text-indent:0px;text-transform:none;white-space:normal;widows:2;word-spacing:0px;\" id=\"_4-ket-noi-ssh-den-may-ao-linux-bang-visual-studio-code-3\"><strong>4. Kết nối SSH đến máy ảo Linux bằng Visual Studio Code</strong></h1><p style=\"-webkit-text-stroke-width:0px;background-color:rgb(255, 255, 255);box-sizing:border-box;color:rgb(27, 27, 27);font-family:&quot;Open Sans&quot;, -apple-system, BlinkMacSystemFont, &quot;Segoe UI&quot;, &quot;Helvetica Neue&quot;, Arial, sans-serif, &quot;Apple Color Emoji&quot;, &quot;Segoe UI Emoji&quot;, &quot;Segoe UI Symbol&quot;;font-size:18px;font-style:normal;font-variant-caps:normal;font-variant-ligatures:normal;font-weight:400;letter-spacing:-0.003em;margin-bottom:0px;margin-top:0.5em;orphans:2;overflow-wrap:break-word;text-align:left;text-decoration-color:initial;text-decoration-style:initial;text-decoration-thickness:initial;text-indent:0px;text-transform:none;white-space:normal;widows:2;word-break:break-word;word-spacing:0px;\">Bạn mở Visual studio code (VSCode) trên máy tính window, cài extension remote - ssh.</p><figure class=\"image\"><img class=\"article-img\" style=\"aspect-ratio:370/103;border-style:none;box-sizing:border-box;cursor:pointer;display:block;margin:1.5em auto;max-width:100%;text-align:center;vertical-align:initial;\" src=\"https://images.viblo.asia/0329a850-3103-4867-ad85-396ef54fc678.png\" alt=\"image.png\" width=\"370\" height=\"103\"></figure><p style=\"-webkit-text-stroke-width:0px;background-color:rgb(255, 255, 255);box-sizing:border-box;color:rgb(27, 27, 27);font-family:&quot;Open Sans&quot;, -apple-system, BlinkMacSystemFont, &quot;Segoe UI&quot;, &quot;Helvetica Neue&quot;, Arial, sans-serif, &quot;Apple Color Emoji&quot;, &quot;Segoe UI Emoji&quot;, &quot;Segoe UI Symbol&quot;;font-size:18px;font-style:normal;font-variant-caps:normal;font-variant-ligatures:normal;font-weight:400;letter-spacing:-0.003em;margin-bottom:0px;margin-top:1.5em;orphans:2;overflow-wrap:break-word;text-align:left;text-decoration-color:initial;text-decoration-style:initial;text-decoration-thickness:initial;text-indent:0px;text-transform:none;white-space:normal;widows:2;word-break:break-word;word-spacing:0px;\">Sau khi cài extension remote-ssh. VSCode của bạn sẽ lập tức hiện icon <strong style=\"box-sizing:border-box;font-weight:bolder;\">remote explorer</strong></p><figure class=\"image\"><img class=\"article-img\" style=\"aspect-ratio:537/369;border-style:none;box-sizing:border-box;cursor:pointer;display:block;margin:1.5em auto;max-width:100%;text-align:center;vertical-align:initial;\" src=\"https://images.viblo.asia/e008ca99-b72b-420a-b4bb-2ad099fce9e6.png\" alt=\"image.png\" width=\"537\" height=\"369\"></figure><p style=\"-webkit-text-stroke-width:0px;background-color:rgb(255, 255, 255);box-sizing:border-box;color:rgb(27, 27, 27);font-family:&quot;Open Sans&quot;, -apple-system, BlinkMacSystemFont, &quot;Segoe UI&quot;, &quot;Helvetica Neue&quot;, Arial, sans-serif, &quot;Apple Color Emoji&quot;, &quot;Segoe UI Emoji&quot;, &quot;Segoe UI Symbol&quot;;font-size:18px;font-style:normal;font-variant-caps:normal;font-variant-ligatures:normal;font-weight:400;letter-spacing:-0.003em;margin-bottom:0px;margin-top:1.5em;orphans:2;overflow-wrap:break-word;text-align:left;text-decoration-color:initial;text-decoration-style:initial;text-decoration-thickness:initial;text-indent:0px;text-transform:none;white-space:normal;widows:2;word-break:break-word;word-spacing:0px;\">Tiến hành kết nối đến máy ảo linux bằng công cụ <strong style=\"box-sizing:border-box;font-weight:bolder;\">remote explorer</strong></p><div style=\"-webkit-text-stroke-width:0px;background-color:rgb(255, 255, 255);box-sizing:border-box;color:rgb(27, 27, 27);font-family:&quot;Open Sans&quot;, -apple-system, BlinkMacSystemFont, &quot;Segoe UI&quot;, &quot;Helvetica Neue&quot;, Arial, sans-serif, &quot;Apple Color Emoji&quot;, &quot;Segoe UI Emoji&quot;, &quot;Segoe UI Symbol&quot;;font-size:18px;font-style:normal;font-variant-caps:normal;font-variant-ligatures:normal;font-weight:400;letter-spacing:normal;orphans:2;position:relative;text-align:left;text-decoration-color:initial;text-decoration-style:initial;text-decoration-thickness:initial;text-indent:0px;text-transform:none;white-space:normal;widows:2;word-spacing:0px;\" onclick=\"this.removeAttribute(\'class\');this.querySelectorAll(\'.v-markdown-it-show-more\').forEach(el => el.remove());\" onmouseenter=\"this.getElementsByClassName(\'v-markdown-it-show-more\')[0] ? this.getElementsByClassName(\'v-markdown-it-show-more\')[0].style.display=\'block\' : null\" onmouseleave=\"this.getElementsByClassName(\'v-markdown-it-show-more\')[0] ? this.getElementsByClassName(\'v-markdown-it-show-more\')[0].style.display=\'none\' : null\"><pre class=\"language-none\" style=\"background-color:rgb(241, 242, 243);border-radius:3px;border:1px solid rgb(229, 229, 229);box-sizing:border-box;color:rgb(36, 41, 46);direction:ltr;display:block;font-family:SFMono-Regular, Consolas, &quot;Liberation Mono&quot;, Menlo, Courier, monospace;font-size:15px;hyphens:none;line-height:1.45;margin:1em 0px;overflow:auto;padding:1em;tab-size:4;text-align:left;white-space:pre;word-break:normal;word-spacing:normal;\" data-filename=\"\"><code class=\"language-plaintext language-none\" style=\"box-sizing:border-box;color:rgb(36, 41, 46);direction:ltr;display:block;font-family:SFMono-Regular, Consolas, &quot;Liberation Mono&quot;, Menlo, Courier, monospace;font-size:15px;hyphens:none;line-height:1.45;overflow-wrap:break-word;tab-size:4;text-align:left;white-space:pre;word-break:normal;word-spacing:normal;\">ssh tàikhoản@ip\r\n</code></pre></div><p>&nbsp;</p><div style=\"-webkit-text-stroke-width:0px;background-color:rgb(255, 255, 255);box-sizing:border-box;color:rgb(27, 27, 27);font-family:&quot;Open Sans&quot;, -apple-system, BlinkMacSystemFont, &quot;Segoe UI&quot;, &quot;Helvetica Neue&quot;, Arial, sans-serif, &quot;Apple Color Emoji&quot;, &quot;Segoe UI Emoji&quot;, &quot;Segoe UI Symbol&quot;;font-size:18px;font-style:normal;font-variant-caps:normal;font-variant-ligatures:normal;font-weight:400;letter-spacing:normal;orphans:2;position:relative;text-align:left;text-decoration-color:initial;text-decoration-style:initial;text-decoration-thickness:initial;text-indent:0px;text-transform:none;white-space:normal;widows:2;word-spacing:0px;\" onclick=\"this.removeAttribute(\'class\');this.querySelectorAll(\'.v-markdown-it-show-more\').forEach(el => el.remove());\" onmouseenter=\"this.getElementsByClassName(\'v-markdown-it-show-more\')[0] ? this.getElementsByClassName(\'v-markdown-it-show-more\')[0].style.display=\'block\' : null\" onmouseleave=\"this.getElementsByClassName(\'v-markdown-it-show-more\')[0] ? this.getElementsByClassName(\'v-markdown-it-show-more\')[0].style.display=\'none\' : null\"><pre class=\"language-none\" style=\"background-color:rgb(241, 242, 243);border-radius:3px;border:1px solid rgb(229, 229, 229);box-sizing:border-box;color:rgb(36, 41, 46);direction:ltr;display:block;font-family:SFMono-Regular, Consolas, &quot;Liberation Mono&quot;, Menlo, Courier, monospace;font-size:15px;hyphens:none;line-height:1.45;margin:1em 0px;overflow:auto;padding:1em;tab-size:4;text-align:left;white-space:pre;word-break:normal;word-spacing:normal;\" data-filename=\"\"><code class=\"language-plaintext language-none\" style=\"box-sizing:border-box;color:rgb(36, 41, 46);direction:ltr;display:block;font-family:SFMono-Regular, Consolas, &quot;Liberation Mono&quot;, Menlo, Courier, monospace;font-size:15px;hyphens:none;line-height:1.45;overflow-wrap:break-word;tab-size:4;text-align:left;white-space:pre;word-break:normal;word-spacing:normal;\">Mật khẩu máy chủ\r\n</code></pre></div><p>&nbsp;</p><p style=\"-webkit-text-stroke-width:0px;background-color:rgb(255, 255, 255);box-sizing:border-box;color:rgb(27, 27, 27);font-family:&quot;Open Sans&quot;, -apple-system, BlinkMacSystemFont, &quot;Segoe UI&quot;, &quot;Helvetica Neue&quot;, Arial, sans-serif, &quot;Apple Color Emoji&quot;, &quot;Segoe UI Emoji&quot;, &quot;Segoe UI Symbol&quot;;font-size:18px;font-style:normal;font-variant-caps:normal;font-variant-ligatures:normal;font-weight:400;letter-spacing:-0.003em;margin-bottom:0px;margin-top:1.5em;orphans:2;overflow-wrap:break-word;text-align:left;text-decoration-color:initial;text-decoration-style:initial;text-decoration-thickness:initial;text-indent:0px;text-transform:none;white-space:normal;widows:2;word-break:break-word;word-spacing:0px;\">Sau khi kết nối thành công, góc trái dưới sẽ hiện ip máy ảo:</p><figure class=\"image\"><img class=\"article-img\" style=\"aspect-ratio:825/396;border-style:none;box-sizing:border-box;cursor:pointer;display:block;margin:1.5em auto;max-width:100%;text-align:center;vertical-align:initial;\" src=\"https://images.viblo.asia/be65cdbf-d22b-4d01-956f-828493271c89.png\" alt=\"image.png\" width=\"825\" height=\"396\"></figure><h1 style=\"-webkit-text-stroke-width:0px;background-color:rgb(255, 255, 255);box-sizing:border-box;color:rgb(27, 27, 27);font-family:&quot;Open Sans&quot;, -apple-system, BlinkMacSystemFont, &quot;Segoe UI&quot;, &quot;Helvetica Neue&quot;, Arial, sans-serif, &quot;Apple Color Emoji&quot;, &quot;Segoe UI Emoji&quot;, &quot;Segoe UI Symbol&quot;;font-size:1.95em;font-style:normal;font-variant-caps:normal;font-variant-ligatures:normal;letter-spacing:normal;line-height:1.2;margin:1.5em 0px 0.6em;orphans:2;text-align:left;text-decoration-color:initial;text-decoration-style:initial;text-decoration-thickness:initial;text-indent:0px;text-transform:none;white-space:normal;widows:2;word-spacing:0px;\" id=\"_4-cai-dat-nginx-4\"><strong>4. Cài đặt nginx</strong></h1><p style=\"-webkit-text-stroke-width:0px;background-color:rgb(255, 255, 255);box-sizing:border-box;color:rgb(27, 27, 27);font-family:&quot;Open Sans&quot;, -apple-system, BlinkMacSystemFont, &quot;Segoe UI&quot;, &quot;Helvetica Neue&quot;, Arial, sans-serif, &quot;Apple Color Emoji&quot;, &quot;Segoe UI Emoji&quot;, &quot;Segoe UI Symbol&quot;;font-size:18px;font-style:normal;font-variant-caps:normal;font-variant-ligatures:normal;font-weight:400;letter-spacing:-0.003em;margin-bottom:0px;margin-top:0.5em;orphans:2;overflow-wrap:break-word;text-align:left;text-decoration-color:initial;text-decoration-style:initial;text-decoration-thickness:initial;text-indent:0px;text-transform:none;white-space:normal;widows:2;word-break:break-word;word-spacing:0px;\">Sau khi kết nối thành công, bạn mở cửa sổ terminal bằng nhấn tổ hợp Ctr Shift \'</p><figure class=\"image\"><img class=\"article-img\" style=\"aspect-ratio:825/440;border-style:none;box-sizing:border-box;cursor:pointer;display:block;margin:1.5em auto;max-width:100%;text-align:center;vertical-align:initial;\" src=\"https://images.viblo.asia/814c015a-f32f-4bfa-9c84-0148737c4589.png\" alt=\"image.png\" width=\"825\" height=\"440\"></figure><p style=\"-webkit-text-stroke-width:0px;background-color:rgb(255, 255, 255);box-sizing:border-box;color:rgb(27, 27, 27);font-family:&quot;Open Sans&quot;, -apple-system, BlinkMacSystemFont, &quot;Segoe UI&quot;, &quot;Helvetica Neue&quot;, Arial, sans-serif, &quot;Apple Color Emoji&quot;, &quot;Segoe UI Emoji&quot;, &quot;Segoe UI Symbol&quot;;font-size:18px;font-style:normal;font-variant-caps:normal;font-variant-ligatures:normal;font-weight:400;letter-spacing:-0.003em;margin-bottom:0px;margin-top:1.5em;orphans:2;overflow-wrap:break-word;text-align:left;text-decoration-color:initial;text-decoration-style:initial;text-decoration-thickness:initial;text-indent:0px;text-transform:none;white-space:normal;widows:2;word-break:break-word;word-spacing:0px;\">Thực hiện lệnh để cài đặt nginx</p><div style=\"-webkit-text-stroke-width:0px;background-color:rgb(255, 255, 255);box-sizing:border-box;color:rgb(27, 27, 27);font-family:&quot;Open Sans&quot;, -apple-system, BlinkMacSystemFont, &quot;Segoe UI&quot;, &quot;Helvetica Neue&quot;, Arial, sans-serif, &quot;Apple Color Emoji&quot;, &quot;Segoe UI Emoji&quot;, &quot;Segoe UI Symbol&quot;;font-size:18px;font-style:normal;font-variant-caps:normal;font-variant-ligatures:normal;font-weight:400;letter-spacing:normal;orphans:2;position:relative;text-align:left;text-decoration-color:initial;text-decoration-style:initial;text-decoration-thickness:initial;text-indent:0px;text-transform:none;white-space:normal;widows:2;word-spacing:0px;\" onclick=\"this.removeAttribute(\'class\');this.querySelectorAll(\'.v-markdown-it-show-more\').forEach(el => el.remove());\" onmouseenter=\"this.getElementsByClassName(\'v-markdown-it-show-more\')[0] ? this.getElementsByClassName(\'v-markdown-it-show-more\')[0].style.display=\'block\' : null\" onmouseleave=\"this.getElementsByClassName(\'v-markdown-it-show-more\')[0] ? this.getElementsByClassName(\'v-markdown-it-show-more\')[0].style.display=\'none\' : null\"><pre class=\"language-none\" style=\"background-color:rgb(241, 242, 243);border-radius:3px;border:1px solid rgb(229, 229, 229);box-sizing:border-box;color:rgb(36, 41, 46);direction:ltr;display:block;font-family:SFMono-Regular, Consolas, &quot;Liberation Mono&quot;, Menlo, Courier, monospace;font-size:15px;hyphens:none;line-height:1.45;margin:1em 0px;overflow:auto;padding:1em;tab-size:4;text-align:left;white-space:pre;word-break:normal;word-spacing:normal;\" data-filename=\"\"><code class=\"language-plaintext language-none\" style=\"box-sizing:border-box;color:rgb(36, 41, 46);direction:ltr;display:block;font-family:SFMono-Regular, Consolas, &quot;Liberation Mono&quot;, Menlo, Courier, monospace;font-size:15px;hyphens:none;line-height:1.45;overflow-wrap:break-word;tab-size:4;text-align:left;white-space:pre;word-break:normal;word-spacing:normal;\">sudo apt update\r\n</code></pre></div><p>&nbsp;</p><div style=\"-webkit-text-stroke-width:0px;background-color:rgb(255, 255, 255);box-sizing:border-box;color:rgb(27, 27, 27);font-family:&quot;Open Sans&quot;, -apple-system, BlinkMacSystemFont, &quot;Segoe UI&quot;, &quot;Helvetica Neue&quot;, Arial, sans-serif, &quot;Apple Color Emoji&quot;, &quot;Segoe UI Emoji&quot;, &quot;Segoe UI Symbol&quot;;font-size:18px;font-style:normal;font-variant-caps:normal;font-variant-ligatures:normal;font-weight:400;letter-spacing:normal;orphans:2;position:relative;text-align:left;text-decoration-color:initial;text-decoration-style:initial;text-decoration-thickness:initial;text-indent:0px;text-transform:none;white-space:normal;widows:2;word-spacing:0px;\" onclick=\"this.removeAttribute(\'class\');this.querySelectorAll(\'.v-markdown-it-show-more\').forEach(el => el.remove());\" onmouseenter=\"this.getElementsByClassName(\'v-markdown-it-show-more\')[0] ? this.getElementsByClassName(\'v-markdown-it-show-more\')[0].style.display=\'block\' : null\" onmouseleave=\"this.getElementsByClassName(\'v-markdown-it-show-more\')[0] ? this.getElementsByClassName(\'v-markdown-it-show-more\')[0].style.display=\'none\' : null\"><pre class=\"language-none\" style=\"background-color:rgb(241, 242, 243);border-radius:3px;border:1px solid rgb(229, 229, 229);box-sizing:border-box;color:rgb(36, 41, 46);direction:ltr;display:block;font-family:SFMono-Regular, Consolas, &quot;Liberation Mono&quot;, Menlo, Courier, monospace;font-size:15px;hyphens:none;line-height:1.45;margin:1em 0px;overflow:auto;padding:1em;tab-size:4;text-align:left;white-space:pre;word-break:normal;word-spacing:normal;\" data-filename=\"\"><code class=\"language-plaintext language-none\" style=\"box-sizing:border-box;color:rgb(36, 41, 46);direction:ltr;display:block;font-family:SFMono-Regular, Consolas, &quot;Liberation Mono&quot;, Menlo, Courier, monospace;font-size:15px;hyphens:none;line-height:1.45;overflow-wrap:break-word;tab-size:4;text-align:left;white-space:pre;word-break:normal;word-spacing:normal;\">sudo apt install nginx\r\n</code></pre></div><p>&nbsp;</p><p style=\"-webkit-text-stroke-width:0px;background-color:rgb(255, 255, 255);box-sizing:border-box;color:rgb(27, 27, 27);font-family:&quot;Open Sans&quot;, -apple-system, BlinkMacSystemFont, &quot;Segoe UI&quot;, &quot;Helvetica Neue&quot;, Arial, sans-serif, &quot;Apple Color Emoji&quot;, &quot;Segoe UI Emoji&quot;, &quot;Segoe UI Symbol&quot;;font-size:18px;font-style:normal;font-variant-caps:normal;font-variant-ligatures:normal;font-weight:400;letter-spacing:-0.003em;margin-bottom:0px;margin-top:1.5em;orphans:2;overflow-wrap:break-word;text-align:left;text-decoration-color:initial;text-decoration-style:initial;text-decoration-thickness:initial;text-indent:0px;text-transform:none;white-space:normal;widows:2;word-break:break-word;word-spacing:0px;\">Khời chạy và kiểm tra nginx:</p><div style=\"-webkit-text-stroke-width:0px;background-color:rgb(255, 255, 255);box-sizing:border-box;color:rgb(27, 27, 27);font-family:&quot;Open Sans&quot;, -apple-system, BlinkMacSystemFont, &quot;Segoe UI&quot;, &quot;Helvetica Neue&quot;, Arial, sans-serif, &quot;Apple Color Emoji&quot;, &quot;Segoe UI Emoji&quot;, &quot;Segoe UI Symbol&quot;;font-size:18px;font-style:normal;font-variant-caps:normal;font-variant-ligatures:normal;font-weight:400;letter-spacing:normal;orphans:2;position:relative;text-align:left;text-decoration-color:initial;text-decoration-style:initial;text-decoration-thickness:initial;text-indent:0px;text-transform:none;white-space:normal;widows:2;word-spacing:0px;\" onclick=\"this.removeAttribute(\'class\');this.querySelectorAll(\'.v-markdown-it-show-more\').forEach(el => el.remove());\" onmouseenter=\"this.getElementsByClassName(\'v-markdown-it-show-more\')[0] ? this.getElementsByClassName(\'v-markdown-it-show-more\')[0].style.display=\'block\' : null\" onmouseleave=\"this.getElementsByClassName(\'v-markdown-it-show-more\')[0] ? this.getElementsByClassName(\'v-markdown-it-show-more\')[0].style.display=\'none\' : null\"><pre class=\"language-none\" style=\"background-color:rgb(241, 242, 243);border-radius:3px;border:1px solid rgb(229, 229, 229);box-sizing:border-box;color:rgb(36, 41, 46);direction:ltr;display:block;font-family:SFMono-Regular, Consolas, &quot;Liberation Mono&quot;, Menlo, Courier, monospace;font-size:15px;hyphens:none;line-height:1.45;margin:1em 0px;overflow:auto;padding:1em;tab-size:4;text-align:left;white-space:pre;word-break:normal;word-spacing:normal;\" data-filename=\"\"><code class=\"language-plaintext language-none\" style=\"box-sizing:border-box;color:rgb(36, 41, 46);direction:ltr;display:block;font-family:SFMono-Regular, Consolas, &quot;Liberation Mono&quot;, Menlo, Courier, monospace;font-size:15px;hyphens:none;line-height:1.45;overflow-wrap:break-word;tab-size:4;text-align:left;white-space:pre;word-break:normal;word-spacing:normal;\">systemctl start nginx\r\n</code></pre></div><p>&nbsp;</p><div style=\"-webkit-text-stroke-width:0px;background-color:rgb(255, 255, 255);box-sizing:border-box;color:rgb(27, 27, 27);font-family:&quot;Open Sans&quot;, -apple-system, BlinkMacSystemFont, &quot;Segoe UI&quot;, &quot;Helvetica Neue&quot;, Arial, sans-serif, &quot;Apple Color Emoji&quot;, &quot;Segoe UI Emoji&quot;, &quot;Segoe UI Symbol&quot;;font-size:18px;font-style:normal;font-variant-caps:normal;font-variant-ligatures:normal;font-weight:400;letter-spacing:normal;orphans:2;position:relative;text-align:left;text-decoration-color:initial;text-decoration-style:initial;text-decoration-thickness:initial;text-indent:0px;text-transform:none;white-space:normal;widows:2;word-spacing:0px;\" onclick=\"this.removeAttribute(\'class\');this.querySelectorAll(\'.v-markdown-it-show-more\').forEach(el => el.remove());\" onmouseenter=\"this.getElementsByClassName(\'v-markdown-it-show-more\')[0] ? this.getElementsByClassName(\'v-markdown-it-show-more\')[0].style.display=\'block\' : null\" onmouseleave=\"this.getElementsByClassName(\'v-markdown-it-show-more\')[0] ? this.getElementsByClassName(\'v-markdown-it-show-more\')[0].style.display=\'none\' : null\"><pre class=\"language-none\" style=\"background-color:rgb(241, 242, 243);border-radius:3px;border:1px solid rgb(229, 229, 229);box-sizing:border-box;color:rgb(36, 41, 46);direction:ltr;display:block;font-family:SFMono-Regular, Consolas, &quot;Liberation Mono&quot;, Menlo, Courier, monospace;font-size:15px;hyphens:none;line-height:1.45;margin:1em 0px;overflow:auto;padding:1em;tab-size:4;text-align:left;white-space:pre;word-break:normal;word-spacing:normal;\" data-filename=\"\"><code class=\"language-plaintext language-none\" style=\"box-sizing:border-box;color:rgb(36, 41, 46);direction:ltr;display:block;font-family:SFMono-Regular, Consolas, &quot;Liberation Mono&quot;, Menlo, Courier, monospace;font-size:15px;hyphens:none;line-height:1.45;overflow-wrap:break-word;tab-size:4;text-align:left;white-space:pre;word-break:normal;word-spacing:normal;\">systemctl status nginx\r\n</code></pre></div><p>&nbsp;</p><figure class=\"image\"><img class=\"article-img\" style=\"aspect-ratio:825/190;border-style:none;box-sizing:border-box;cursor:pointer;display:block;margin:1.5em auto;max-width:100%;text-align:center;vertical-align:initial;\" src=\"https://images.viblo.asia/cb8b692c-3247-42f8-9b53-0ddf6400edb6.png\" alt=\"image.png\" width=\"825\" height=\"190\"></figure><p style=\"-webkit-text-stroke-width:0px;background-color:rgb(255, 255, 255);box-sizing:border-box;color:rgb(27, 27, 27);font-family:&quot;Open Sans&quot;, -apple-system, BlinkMacSystemFont, &quot;Segoe UI&quot;, &quot;Helvetica Neue&quot;, Arial, sans-serif, &quot;Apple Color Emoji&quot;, &quot;Segoe UI Emoji&quot;, &quot;Segoe UI Symbol&quot;;font-size:18px;font-style:normal;font-variant-caps:normal;font-variant-ligatures:normal;font-weight:400;letter-spacing:-0.003em;margin-bottom:0px;margin-top:1.5em;orphans:2;overflow-wrap:break-word;text-align:left;text-decoration-color:initial;text-decoration-style:initial;text-decoration-thickness:initial;text-indent:0px;text-transform:none;white-space:normal;widows:2;word-break:break-word;word-spacing:0px;\">Xem thành quả. Từ máy tính window bạn mở chorme và gõ địa chỉ ip máy chủ hoặc http:// tênmiền</p><figure class=\"image\"><img class=\"article-img\" style=\"aspect-ratio:825/287;border-style:none;box-sizing:border-box;cursor:pointer;display:block;margin:1.5em auto;max-width:100%;text-align:center;vertical-align:initial;\" src=\"https://images.viblo.asia/b148f8d1-5788-44b3-b0dd-4bfd6826982c.png\" alt=\"image.png\" width=\"825\" height=\"287\"></figure><h1 style=\"-webkit-text-stroke-width:0px;background-color:rgb(255, 255, 255);box-sizing:border-box;color:rgb(27, 27, 27);font-family:&quot;Open Sans&quot;, -apple-system, BlinkMacSystemFont, &quot;Segoe UI&quot;, &quot;Helvetica Neue&quot;, Arial, sans-serif, &quot;Apple Color Emoji&quot;, &quot;Segoe UI Emoji&quot;, &quot;Segoe UI Symbol&quot;;font-size:1.95em;font-style:normal;font-variant-caps:normal;font-variant-ligatures:normal;letter-spacing:normal;line-height:1.2;margin:1.5em 0px 0.6em;orphans:2;text-align:left;text-decoration-color:initial;text-decoration-style:initial;text-decoration-thickness:initial;text-indent:0px;text-transform:none;white-space:normal;widows:2;word-spacing:0px;\" id=\"_5-dung-vscode-de-mo-cay-thu-muc-may-ao-5\"><strong>5. Dùng VSCode để mở cây thư mục máy ảo</strong></h1><p style=\"-webkit-text-stroke-width:0px;background-color:rgb(255, 255, 255);box-sizing:border-box;color:rgb(27, 27, 27);font-family:&quot;Open Sans&quot;, -apple-system, BlinkMacSystemFont, &quot;Segoe UI&quot;, &quot;Helvetica Neue&quot;, Arial, sans-serif, &quot;Apple Color Emoji&quot;, &quot;Segoe UI Emoji&quot;, &quot;Segoe UI Symbol&quot;;font-size:18px;font-style:normal;font-variant-caps:normal;font-variant-ligatures:normal;font-weight:400;letter-spacing:-0.003em;margin-bottom:0px;margin-top:0.5em;orphans:2;overflow-wrap:break-word;text-align:left;text-decoration-color:initial;text-decoration-style:initial;text-decoration-thickness:initial;text-indent:0px;text-transform:none;white-space:normal;widows:2;word-break:break-word;word-spacing:0px;\">Bạn gõ lệnh cd để quay ra thư mục /</p><div style=\"-webkit-text-stroke-width:0px;background-color:rgb(255, 255, 255);box-sizing:border-box;color:rgb(27, 27, 27);font-family:&quot;Open Sans&quot;, -apple-system, BlinkMacSystemFont, &quot;Segoe UI&quot;, &quot;Helvetica Neue&quot;, Arial, sans-serif, &quot;Apple Color Emoji&quot;, &quot;Segoe UI Emoji&quot;, &quot;Segoe UI Symbol&quot;;font-size:18px;font-style:normal;font-variant-caps:normal;font-variant-ligatures:normal;font-weight:400;letter-spacing:normal;orphans:2;position:relative;text-align:left;text-decoration-color:initial;text-decoration-style:initial;text-decoration-thickness:initial;text-indent:0px;text-transform:none;white-space:normal;widows:2;word-spacing:0px;\" onclick=\"this.removeAttribute(\'class\');this.querySelectorAll(\'.v-markdown-it-show-more\').forEach(el => el.remove());\" onmouseenter=\"this.getElementsByClassName(\'v-markdown-it-show-more\')[0] ? this.getElementsByClassName(\'v-markdown-it-show-more\')[0].style.display=\'block\' : null\" onmouseleave=\"this.getElementsByClassName(\'v-markdown-it-show-more\')[0] ? this.getElementsByClassName(\'v-markdown-it-show-more\')[0].style.display=\'none\' : null\"><pre class=\"language-none\" style=\"background-color:rgb(241, 242, 243);border-radius:3px;border:1px solid rgb(229, 229, 229);box-sizing:border-box;color:rgb(36, 41, 46);direction:ltr;display:block;font-family:SFMono-Regular, Consolas, &quot;Liberation Mono&quot;, Menlo, Courier, monospace;font-size:15px;hyphens:none;line-height:1.45;margin:1em 0px;overflow:auto;padding:1em;tab-size:4;text-align:left;white-space:pre;word-break:normal;word-spacing:normal;\" data-filename=\"\"><code class=\"language-plaintext language-none\" style=\"box-sizing:border-box;color:rgb(36, 41, 46);direction:ltr;display:block;font-family:SFMono-Regular, Consolas, &quot;Liberation Mono&quot;, Menlo, Courier, monospace;font-size:15px;hyphens:none;line-height:1.45;overflow-wrap:break-word;tab-size:4;text-align:left;white-space:pre;word-break:normal;word-spacing:normal;\">cd ..\r\n</code></pre></div><p><button class=\"v-markdown-it-code-copy\" style=\"align-items:center;appearance:button;background-color:rgb(101, 84, 84);border-radius:5px;border-style:none;box-sizing:border-box;cursor:pointer;display:flex;font-family:inherit;font-size:inherit;height:25px;justify-content:center;line-height:inherit;margin:0px;opacity:0.5;outline:none;overflow:visible;position:absolute;right:6px;text-transform:none;top:7.5px;\" data-clipboard-text=\"cd ..\r\n\" delay=\"2000\" title=\"Sao chép\"><span class=\"v-markdown-icon el-icon-document-copy\" style=\"box-sizing: border-box; speak: none; font-style: normal; font-weight: 400; font-feature-settings: normal; font-variant: normal; text-transform: none; line-height: 1; vertical-align: initial; display: inline-block; -webkit-font-smoothing: antialiased; font-family: element-icons !important; font-size: 16px; color: rgb(255, 255, 255);\"></span></button></p><p style=\"-webkit-text-stroke-width:0px;background-color:rgb(255, 255, 255);box-sizing:border-box;color:rgb(27, 27, 27);font-family:&quot;Open Sans&quot;, -apple-system, BlinkMacSystemFont, &quot;Segoe UI&quot;, &quot;Helvetica Neue&quot;, Arial, sans-serif, &quot;Apple Color Emoji&quot;, &quot;Segoe UI Emoji&quot;, &quot;Segoe UI Symbol&quot;;font-size:18px;font-style:normal;font-variant-caps:normal;font-variant-ligatures:normal;font-weight:400;letter-spacing:-0.003em;margin-bottom:0px;margin-top:1.5em;orphans:2;overflow-wrap:break-word;text-align:left;text-decoration-color:initial;text-decoration-style:initial;text-decoration-thickness:initial;text-indent:0px;text-transform:none;white-space:normal;widows:2;word-break:break-word;word-spacing:0px;\">Kiểm tra vị trí đứng thư mục</p><div style=\"-webkit-text-stroke-width:0px;background-color:rgb(255, 255, 255);box-sizing:border-box;color:rgb(27, 27, 27);font-family:&quot;Open Sans&quot;, -apple-system, BlinkMacSystemFont, &quot;Segoe UI&quot;, &quot;Helvetica Neue&quot;, Arial, sans-serif, &quot;Apple Color Emoji&quot;, &quot;Segoe UI Emoji&quot;, &quot;Segoe UI Symbol&quot;;font-size:18px;font-style:normal;font-variant-caps:normal;font-variant-ligatures:normal;font-weight:400;letter-spacing:normal;orphans:2;position:relative;text-align:left;text-decoration-color:initial;text-decoration-style:initial;text-decoration-thickness:initial;text-indent:0px;text-transform:none;white-space:normal;widows:2;word-spacing:0px;\" onclick=\"this.removeAttribute(\'class\');this.querySelectorAll(\'.v-markdown-it-show-more\').forEach(el => el.remove());\" onmouseenter=\"this.getElementsByClassName(\'v-markdown-it-show-more\')[0] ? this.getElementsByClassName(\'v-markdown-it-show-more\')[0].style.display=\'block\' : null\" onmouseleave=\"this.getElementsByClassName(\'v-markdown-it-show-more\')[0] ? this.getElementsByClassName(\'v-markdown-it-show-more\')[0].style.display=\'none\' : null\"><pre class=\"language-none\" style=\"background-color:rgb(241, 242, 243);border-radius:3px;border:1px solid rgb(229, 229, 229);box-sizing:border-box;color:rgb(36, 41, 46);direction:ltr;display:block;font-family:SFMono-Regular, Consolas, &quot;Liberation Mono&quot;, Menlo, Courier, monospace;font-size:15px;hyphens:none;line-height:1.45;margin:1em 0px;overflow:auto;padding:1em;tab-size:4;text-align:left;white-space:pre;word-break:normal;word-spacing:normal;\" data-filename=\"\"><code class=\"language-plaintext language-none\" style=\"box-sizing:border-box;color:rgb(36, 41, 46);direction:ltr;display:block;font-family:SFMono-Regular, Consolas, &quot;Liberation Mono&quot;, Menlo, Courier, monospace;font-size:15px;hyphens:none;line-height:1.45;overflow-wrap:break-word;tab-size:4;text-align:left;white-space:pre;word-break:normal;word-spacing:normal;\">ls\r\n</code></pre></div><p><button class=\"v-markdown-it-code-copy\" style=\"align-items:center;appearance:button;background-color:rgb(101, 84, 84);border-radius:5px;border-style:none;box-sizing:border-box;cursor:pointer;display:flex;font-family:inherit;font-size:inherit;height:25px;justify-content:center;line-height:inherit;margin:0px;opacity:0.5;outline:none;overflow:visible;position:absolute;right:6px;text-transform:none;top:7.5px;\" data-clipboard-text=\"ls\r\n\" delay=\"2000\" title=\"Sao chép\"><span class=\"v-markdown-icon el-icon-document-copy\" style=\"box-sizing: border-box; speak: none; font-style: normal; font-weight: 400; font-feature-settings: normal; font-variant: normal; text-transform: none; line-height: 1; vertical-align: initial; display: inline-block; -webkit-font-smoothing: antialiased; font-family: element-icons !important; font-size: 16px; color: rgb(255, 255, 255);\"></span></button></p><div style=\"-webkit-text-stroke-width:0px;background-color:rgb(255, 255, 255);box-sizing:border-box;color:rgb(27, 27, 27);font-family:&quot;Open Sans&quot;, -apple-system, BlinkMacSystemFont, &quot;Segoe UI&quot;, &quot;Helvetica Neue&quot;, Arial, sans-serif, &quot;Apple Color Emoji&quot;, &quot;Segoe UI Emoji&quot;, &quot;Segoe UI Symbol&quot;;font-size:18px;font-style:normal;font-variant-caps:normal;font-variant-ligatures:normal;font-weight:400;letter-spacing:normal;orphans:2;position:relative;text-align:left;text-decoration-color:initial;text-decoration-style:initial;text-decoration-thickness:initial;text-indent:0px;text-transform:none;white-space:normal;widows:2;word-spacing:0px;\" onclick=\"this.removeAttribute(\'class\');this.querySelectorAll(\'.v-markdown-it-show-more\').forEach(el => el.remove());\" onmouseenter=\"this.getElementsByClassName(\'v-markdown-it-show-more\')[0] ? this.getElementsByClassName(\'v-markdown-it-show-more\')[0].style.display=\'block\' : null\" onmouseleave=\"this.getElementsByClassName(\'v-markdown-it-show-more\')[0] ? this.getElementsByClassName(\'v-markdown-it-show-more\')[0].style.display=\'none\' : null\"><pre class=\"language-none\" style=\"background-color:rgb(241, 242, 243);border-radius:3px;border:1px solid rgb(229, 229, 229);box-sizing:border-box;color:rgb(36, 41, 46);direction:ltr;display:block;font-family:SFMono-Regular, Consolas, &quot;Liberation Mono&quot;, Menlo, Courier, monospace;font-size:15px;hyphens:none;line-height:1.45;margin:1em 0px;overflow:auto;padding:1em;tab-size:4;text-align:left;white-space:pre;word-break:normal;word-spacing:normal;\" data-filename=\"\"><code class=\"language-plaintext language-none\" style=\"box-sizing:border-box;color:rgb(36, 41, 46);direction:ltr;display:block;font-family:SFMono-Regular, Consolas, &quot;Liberation Mono&quot;, Menlo, Courier, monospace;font-size:15px;hyphens:none;line-height:1.45;overflow-wrap:break-word;tab-size:4;text-align:left;white-space:pre;word-break:normal;word-spacing:normal;\">pwd\r\n</code></pre></div><p><button class=\"v-markdown-it-code-copy\" style=\"align-items:center;appearance:button;background-color:rgb(101, 84, 84);border-radius:5px;border-style:none;box-sizing:border-box;cursor:pointer;display:flex;font-family:inherit;font-size:inherit;height:25px;justify-content:center;line-height:inherit;margin:0px;opacity:0.5;outline:none;overflow:visible;position:absolute;right:6px;text-transform:none;top:7.5px;\" data-clipboard-text=\"pwd\r\n\" delay=\"2000\" title=\"Sao chép\"><span class=\"v-markdown-icon el-icon-document-copy\" style=\"box-sizing: border-box; speak: none; font-style: normal; font-weight: 400; font-feature-settings: normal; font-variant: normal; text-transform: none; line-height: 1; vertical-align: initial; display: inline-block; -webkit-font-smoothing: antialiased; font-family: element-icons !important; font-size: 16px; color: rgb(255, 255, 255);\"></span></button></p><figure class=\"image\"><img class=\"article-img\" style=\"aspect-ratio:825/51;border-style:none;box-sizing:border-box;cursor:pointer;display:block;margin:1.5em auto;max-width:100%;text-align:center;vertical-align:initial;\" src=\"https://images.viblo.asia/29984f91-82bc-40c8-a3bc-cd9af284b1c7.png\" alt=\"image.png\" width=\"825\" height=\"51\"></figure><p style=\"-webkit-text-stroke-width:0px;background-color:rgb(255, 255, 255);box-sizing:border-box;color:rgb(27, 27, 27);font-family:&quot;Open Sans&quot;, -apple-system, BlinkMacSystemFont, &quot;Segoe UI&quot;, &quot;Helvetica Neue&quot;, Arial, sans-serif, &quot;Apple Color Emoji&quot;, &quot;Segoe UI Emoji&quot;, &quot;Segoe UI Symbol&quot;;font-size:18px;font-style:normal;font-variant-caps:normal;font-variant-ligatures:normal;font-weight:400;letter-spacing:-0.003em;margin-bottom:0px;margin-top:1.5em;orphans:2;overflow-wrap:break-word;text-align:left;text-decoration-color:initial;text-decoration-style:initial;text-decoration-thickness:initial;text-indent:0px;text-transform:none;white-space:normal;widows:2;word-break:break-word;word-spacing:0px;\">Sau như về thư mục / như ảnh, ta mở cây thư mục / bằng VSCode:</p><div style=\"-webkit-text-stroke-width:0px;background-color:rgb(255, 255, 255);box-sizing:border-box;color:rgb(27, 27, 27);font-family:&quot;Open Sans&quot;, -apple-system, BlinkMacSystemFont, &quot;Segoe UI&quot;, &quot;Helvetica Neue&quot;, Arial, sans-serif, &quot;Apple Color Emoji&quot;, &quot;Segoe UI Emoji&quot;, &quot;Segoe UI Symbol&quot;;font-size:18px;font-style:normal;font-variant-caps:normal;font-variant-ligatures:normal;font-weight:400;letter-spacing:normal;orphans:2;position:relative;text-align:left;text-decoration-color:initial;text-decoration-style:initial;text-decoration-thickness:initial;text-indent:0px;text-transform:none;white-space:normal;widows:2;word-spacing:0px;\" onclick=\"this.removeAttribute(\'class\');this.querySelectorAll(\'.v-markdown-it-show-more\').forEach(el => el.remove());\" onmouseenter=\"this.getElementsByClassName(\'v-markdown-it-show-more\')[0] ? this.getElementsByClassName(\'v-markdown-it-show-more\')[0].style.display=\'block\' : null\" onmouseleave=\"this.getElementsByClassName(\'v-markdown-it-show-more\')[0] ? this.getElementsByClassName(\'v-markdown-it-show-more\')[0].style.display=\'none\' : null\"><pre class=\"language-none\" style=\"background-color:rgb(241, 242, 243);border-radius:3px;border:1px solid rgb(229, 229, 229);box-sizing:border-box;color:rgb(36, 41, 46);direction:ltr;display:block;font-family:SFMono-Regular, Consolas, &quot;Liberation Mono&quot;, Menlo, Courier, monospace;font-size:15px;hyphens:none;line-height:1.45;margin:1em 0px;overflow:auto;padding:1em;tab-size:4;text-align:left;white-space:pre;word-break:normal;word-spacing:normal;\" data-filename=\"\"><code class=\"language-plaintext language-none\" style=\"box-sizing:border-box;color:rgb(36, 41, 46);direction:ltr;display:block;font-family:SFMono-Regular, Consolas, &quot;Liberation Mono&quot;, Menlo, Courier, monospace;font-size:15px;hyphens:none;line-height:1.45;overflow-wrap:break-word;tab-size:4;text-align:left;white-space:pre;word-break:normal;word-spacing:normal;\">code .\r\n</code></pre></div><p><button class=\"v-markdown-it-code-copy\" style=\"align-items:center;appearance:button;background-color:rgb(101, 84, 84);border-radius:5px;border-style:none;box-sizing:border-box;cursor:pointer;display:flex;font-family:inherit;font-size:inherit;height:25px;justify-content:center;line-height:inherit;margin:0px;opacity:0.5;outline:none;overflow:visible;position:absolute;right:6px;text-transform:none;top:7.5px;\" data-clipboard-text=\"code .\r\n\" delay=\"2000\" title=\"Sao chép\"><span class=\"v-markdown-icon el-icon-document-copy\" style=\"box-sizing: border-box; speak: none; font-style: normal; font-weight: 400; font-feature-settings: normal; font-variant: normal; text-transform: none; line-height: 1; vertical-align: initial; display: inline-block; -webkit-font-smoothing: antialiased; font-family: element-icons !important; font-size: 16px; color: rgb(255, 255, 255);\"></span></button></p><p style=\"-webkit-text-stroke-width:0px;background-color:rgb(255, 255, 255);box-sizing:border-box;color:rgb(27, 27, 27);font-family:&quot;Open Sans&quot;, -apple-system, BlinkMacSystemFont, &quot;Segoe UI&quot;, &quot;Helvetica Neue&quot;, Arial, sans-serif, &quot;Apple Color Emoji&quot;, &quot;Segoe UI Emoji&quot;, &quot;Segoe UI Symbol&quot;;font-size:18px;font-style:normal;font-variant-caps:normal;font-variant-ligatures:normal;font-weight:400;letter-spacing:-0.003em;margin-bottom:0px;margin-top:1.5em;orphans:2;overflow-wrap:break-word;text-align:left;text-decoration-color:initial;text-decoration-style:initial;text-decoration-thickness:initial;text-indent:0px;text-transform:none;white-space:normal;widows:2;word-break:break-word;word-spacing:0px;\">Nhập lại mật khẩu root, ta sẽ mở được toàn bộ thư mục máy ảo bằng vscode:</p><figure class=\"image\"><img class=\"article-img\" style=\"aspect-ratio:825/439;border-style:none;box-sizing:border-box;cursor:pointer;display:block;margin:1.5em auto;max-width:100%;text-align:center;vertical-align:initial;\" src=\"https://images.viblo.asia/fe498aef-c478-498b-b5ab-e825480832ea.png\" alt=\"image.png\" width=\"825\" height=\"439\"></figure><h1 style=\"-webkit-text-stroke-width:0px;background-color:rgb(255, 255, 255);box-sizing:border-box;color:rgb(27, 27, 27);font-family:&quot;Open Sans&quot;, -apple-system, BlinkMacSystemFont, &quot;Segoe UI&quot;, &quot;Helvetica Neue&quot;, Arial, sans-serif, &quot;Apple Color Emoji&quot;, &quot;Segoe UI Emoji&quot;, &quot;Segoe UI Symbol&quot;;font-size:1.95em;font-style:normal;font-variant-caps:normal;font-variant-ligatures:normal;letter-spacing:normal;line-height:1.2;margin:1.5em 0px 0.6em;orphans:2;text-align:left;text-decoration-color:initial;text-decoration-style:initial;text-decoration-thickness:initial;text-indent:0px;text-transform:none;white-space:normal;widows:2;word-spacing:0px;\" id=\"_6-cai-dat-chung-chi-ssl-comodo-positivessl-6\"><strong>6. Cài đặt chứng chỉ SSL Comodo PositiveSSL</strong></h1><p style=\"-webkit-text-stroke-width:0px;background-color:rgb(255, 255, 255);box-sizing:border-box;color:rgb(27, 27, 27);font-family:&quot;Open Sans&quot;, -apple-system, BlinkMacSystemFont, &quot;Segoe UI&quot;, &quot;Helvetica Neue&quot;, Arial, sans-serif, &quot;Apple Color Emoji&quot;, &quot;Segoe UI Emoji&quot;, &quot;Segoe UI Symbol&quot;;font-size:18px;font-style:normal;font-variant-caps:normal;font-variant-ligatures:normal;font-weight:400;letter-spacing:-0.003em;margin-bottom:0px;margin-top:0.5em;orphans:2;overflow-wrap:break-word;text-align:left;text-decoration-color:initial;text-decoration-style:initial;text-decoration-thickness:initial;text-indent:0px;text-transform:none;white-space:normal;widows:2;word-break:break-word;word-spacing:0px;\">Sau khi cài đặt nginx thì các file cấu hình nginx được cài đặt trong /etc/nginx nên việc thêm các chứng chỉ SSL cũng sẽ thêm tại đây.</p><figure class=\"image\"><img class=\"article-img\" style=\"aspect-ratio:351/699;border-style:none;box-sizing:border-box;cursor:pointer;display:block;margin:1.5em auto;max-width:100%;text-align:center;vertical-align:initial;\" src=\"https://images.viblo.asia/642a585a-0382-436e-a270-94f1de3d7fb1.png\" alt=\"image.png\" width=\"351\" height=\"699\"></figure><p style=\"-webkit-text-stroke-width:0px;background-color:rgb(255, 255, 255);box-sizing:border-box;color:rgb(27, 27, 27);font-family:&quot;Open Sans&quot;, -apple-system, BlinkMacSystemFont, &quot;Segoe UI&quot;, &quot;Helvetica Neue&quot;, Arial, sans-serif, &quot;Apple Color Emoji&quot;, &quot;Segoe UI Emoji&quot;, &quot;Segoe UI Symbol&quot;;font-size:18px;font-style:normal;font-variant-caps:normal;font-variant-ligatures:normal;font-weight:400;letter-spacing:-0.003em;margin-bottom:0px;margin-top:1.5em;orphans:2;overflow-wrap:break-word;text-align:left;text-decoration-color:initial;text-decoration-style:initial;text-decoration-thickness:initial;text-indent:0px;text-transform:none;white-space:normal;widows:2;word-break:break-word;word-spacing:0px;\">Tại máy ảo vps bạn tạo thư mục ssl trong thư mục /usr/ . Sau đó Copy thư mục ssl từ máy window chứa .key và .crt mà bước 1, 2 đã tạo trước đó vào máy ảo vps bằng VSCode.</p><figure class=\"image\"><img class=\"article-img\" style=\"aspect-ratio:340/362;border-style:none;box-sizing:border-box;cursor:pointer;display:block;margin:1.5em auto;max-width:100%;text-align:center;vertical-align:initial;\" src=\"https://images.viblo.asia/0f4af238-80aa-4e47-80c3-8918bf293c2c.png\" alt=\"image.png\" width=\"340\" height=\"362\"></figure><p style=\"-webkit-text-stroke-width:0px;background-color:rgb(255, 255, 255);box-sizing:border-box;color:rgb(27, 27, 27);font-family:&quot;Open Sans&quot;, -apple-system, BlinkMacSystemFont, &quot;Segoe UI&quot;, &quot;Helvetica Neue&quot;, Arial, sans-serif, &quot;Apple Color Emoji&quot;, &quot;Segoe UI Emoji&quot;, &quot;Segoe UI Symbol&quot;;font-size:18px;font-style:normal;font-variant-caps:normal;font-variant-ligatures:normal;font-weight:400;letter-spacing:-0.003em;margin-bottom:0px;margin-top:1.5em;orphans:2;overflow-wrap:break-word;text-align:left;text-decoration-color:initial;text-decoration-style:initial;text-decoration-thickness:initial;text-indent:0px;text-transform:none;white-space:normal;widows:2;word-break:break-word;word-spacing:0px;\"><strong style=\"box-sizing:border-box;font-weight:bolder;\">Tiến hành cấu hình:</strong> Bạn tạo file với cú pháp: tên_miền trong thư mục /etc/nginx/sites-enabled và khai báo tương tự như sau:</p><figure class=\"image\"><img class=\"article-img\" style=\"aspect-ratio:825/393;border-style:none;box-sizing:border-box;cursor:pointer;display:block;margin:1.5em auto;max-width:100%;text-align:center;vertical-align:initial;\" src=\"https://images.viblo.asia/9cc656f1-847e-47b3-ae1e-79e47e435757.png\" alt=\"image.png\" width=\"825\" height=\"393\"></figure><p style=\"-webkit-text-stroke-width:0px;background-color:rgb(255, 255, 255);box-sizing:border-box;color:rgb(27, 27, 27);font-family:&quot;Open Sans&quot;, -apple-system, BlinkMacSystemFont, &quot;Segoe UI&quot;, &quot;Helvetica Neue&quot;, Arial, sans-serif, &quot;Apple Color Emoji&quot;, &quot;Segoe UI Emoji&quot;, &quot;Segoe UI Symbol&quot;;font-size:18px;font-style:normal;font-variant-caps:normal;font-variant-ligatures:normal;font-weight:400;letter-spacing:-0.003em;margin-bottom:0px;margin-top:1.5em;orphans:2;overflow-wrap:break-word;text-align:left;text-decoration-color:initial;text-decoration-style:initial;text-decoration-thickness:initial;text-indent:0px;text-transform:none;white-space:normal;widows:2;word-break:break-word;word-spacing:0px;\">Lưu ý: Chỗ server_name các bạn thay vào đúng tên miền của các bạn nhé.</p><p style=\"-webkit-text-stroke-width:0px;background-color:rgb(255, 255, 255);box-sizing:border-box;color:rgb(27, 27, 27);font-family:&quot;Open Sans&quot;, -apple-system, BlinkMacSystemFont, &quot;Segoe UI&quot;, &quot;Helvetica Neue&quot;, Arial, sans-serif, &quot;Apple Color Emoji&quot;, &quot;Segoe UI Emoji&quot;, &quot;Segoe UI Symbol&quot;;font-size:18px;font-style:normal;font-variant-caps:normal;font-variant-ligatures:normal;font-weight:400;letter-spacing:-0.003em;margin-bottom:0px;margin-top:1.5em;orphans:2;overflow-wrap:break-word;text-align:left;text-decoration-color:initial;text-decoration-style:initial;text-decoration-thickness:initial;text-indent:0px;text-transform:none;white-space:normal;widows:2;word-break:break-word;word-spacing:0px;\">Sau đó bạn reload lại nginx bằng lệnh:</p><div style=\"-webkit-text-stroke-width:0px;background-color:rgb(255, 255, 255);box-sizing:border-box;color:rgb(27, 27, 27);font-family:&quot;Open Sans&quot;, -apple-system, BlinkMacSystemFont, &quot;Segoe UI&quot;, &quot;Helvetica Neue&quot;, Arial, sans-serif, &quot;Apple Color Emoji&quot;, &quot;Segoe UI Emoji&quot;, &quot;Segoe UI Symbol&quot;;font-size:18px;font-style:normal;font-variant-caps:normal;font-variant-ligatures:normal;font-weight:400;letter-spacing:normal;orphans:2;position:relative;text-align:left;text-decoration-color:initial;text-decoration-style:initial;text-decoration-thickness:initial;text-indent:0px;text-transform:none;white-space:normal;widows:2;word-spacing:0px;\" onclick=\"this.removeAttribute(\'class\');this.querySelectorAll(\'.v-markdown-it-show-more\').forEach(el => el.remove());\" onmouseenter=\"this.getElementsByClassName(\'v-markdown-it-show-more\')[0] ? this.getElementsByClassName(\'v-markdown-it-show-more\')[0].style.display=\'block\' : null\" onmouseleave=\"this.getElementsByClassName(\'v-markdown-it-show-more\')[0] ? this.getElementsByClassName(\'v-markdown-it-show-more\')[0].style.display=\'none\' : null\"><pre class=\"language-none\" style=\"background-color:rgb(241, 242, 243);border-radius:3px;border:1px solid rgb(229, 229, 229);box-sizing:border-box;color:rgb(36, 41, 46);direction:ltr;display:block;font-family:SFMono-Regular, Consolas, &quot;Liberation Mono&quot;, Menlo, Courier, monospace;font-size:15px;hyphens:none;line-height:1.45;margin:1em 0px;overflow:auto;padding:1em;tab-size:4;text-align:left;white-space:pre;word-break:normal;word-spacing:normal;\" data-filename=\"\"><code class=\"language-plaintext language-none\" style=\"box-sizing:border-box;color:rgb(36, 41, 46);direction:ltr;display:block;font-family:SFMono-Regular, Consolas, &quot;Liberation Mono&quot;, Menlo, Courier, monospace;font-size:15px;hyphens:none;line-height:1.45;overflow-wrap:break-word;tab-size:4;text-align:left;white-space:pre;word-break:normal;word-spacing:normal;\">systemctl reload nginx\r\n</code></pre></div><p><button class=\"v-markdown-it-code-copy\" style=\"align-items:center;appearance:button;background-color:rgb(101, 84, 84);border-radius:5px;border-style:none;box-sizing:border-box;cursor:pointer;display:flex;font-family:inherit;font-size:inherit;height:25px;justify-content:center;line-height:inherit;margin:0px;opacity:0.5;outline:none;overflow:visible;position:absolute;right:6px;text-transform:none;top:7.5px;\" data-clipboard-text=\"systemctl reload nginx\r\n\" delay=\"2000\" title=\"Sao chép\"><span class=\"v-markdown-icon el-icon-document-copy\" style=\"box-sizing: border-box; speak: none; font-style: normal; font-weight: 400; font-feature-settings: normal; font-variant: normal; text-transform: none; line-height: 1; vertical-align: initial; display: inline-block; -webkit-font-smoothing: antialiased; font-family: element-icons !important; font-size: 16px; color: rgb(255, 255, 255);\"></span></button></p><p style=\"-webkit-text-stroke-width:0px;background-color:rgb(255, 255, 255);box-sizing:border-box;color:rgb(27, 27, 27);font-family:&quot;Open Sans&quot;, -apple-system, BlinkMacSystemFont, &quot;Segoe UI&quot;, &quot;Helvetica Neue&quot;, Arial, sans-serif, &quot;Apple Color Emoji&quot;, &quot;Segoe UI Emoji&quot;, &quot;Segoe UI Symbol&quot;;font-size:18px;font-style:normal;font-variant-caps:normal;font-variant-ligatures:normal;font-weight:400;letter-spacing:-0.003em;margin-bottom:0px;margin-top:1.5em;orphans:2;overflow-wrap:break-word;text-align:left;text-decoration-color:initial;text-decoration-style:initial;text-decoration-thickness:initial;text-indent:0px;text-transform:none;white-space:normal;widows:2;word-break:break-word;word-spacing:0px;\"><strong style=\"box-sizing:border-box;font-weight:bolder;\">Kiểm tra thành quả:</strong> Bạn truy cập với đường dẫn https:// tên_miền và xem thông tin chứng chỉ</p><figure class=\"image\"><img class=\"article-img\" style=\"aspect-ratio:825/436;border-style:none;box-sizing:border-box;cursor:pointer;display:block;margin:1.5em auto;max-width:100%;text-align:center;vertical-align:initial;\" src=\"https://images.viblo.asia/2900503c-e85e-411b-b80c-41cd6faea91f.png\" alt=\"image.png\" width=\"825\" height=\"436\"></figure><p style=\"-webkit-text-stroke-width:0px;background-color:rgb(255, 255, 255);box-sizing:border-box;color:rgb(27, 27, 27);font-family:&quot;Open Sans&quot;, -apple-system, BlinkMacSystemFont, &quot;Segoe UI&quot;, &quot;Helvetica Neue&quot;, Arial, sans-serif, &quot;Apple Color Emoji&quot;, &quot;Segoe UI Emoji&quot;, &quot;Segoe UI Symbol&quot;;font-size:18px;font-style:normal;font-variant-caps:normal;font-variant-ligatures:normal;font-weight:400;letter-spacing:-0.003em;margin-bottom:0px;margin-top:1.5em;orphans:2;overflow-wrap:break-word;text-align:left;text-decoration-color:initial;text-decoration-style:initial;text-decoration-thickness:initial;text-indent:0px;text-transform:none;white-space:normal;widows:2;word-break:break-word;word-spacing:0px;\"><strong style=\"box-sizing:border-box;font-weight:bolder;\">Lưu ý:</strong> Nếu trong quá trình thao tác lệnh systemctl reload nginx bị lỗi như bên dưới, bạn có thể vào /var/log/nginx/error.log để đọc lỗi nhé.</p><div style=\"-webkit-text-stroke-width:0px;background-color:rgb(255, 255, 255);box-sizing:border-box;color:rgb(27, 27, 27);font-family:&quot;Open Sans&quot;, -apple-system, BlinkMacSystemFont, &quot;Segoe UI&quot;, &quot;Helvetica Neue&quot;, Arial, sans-serif, &quot;Apple Color Emoji&quot;, &quot;Segoe UI Emoji&quot;, &quot;Segoe UI Symbol&quot;;font-size:18px;font-style:normal;font-variant-caps:normal;font-variant-ligatures:normal;font-weight:400;letter-spacing:normal;orphans:2;position:relative;text-align:left;text-decoration-color:initial;text-decoration-style:initial;text-decoration-thickness:initial;text-indent:0px;text-transform:none;white-space:normal;widows:2;word-spacing:0px;\" onclick=\"this.removeAttribute(\'class\');this.querySelectorAll(\'.v-markdown-it-show-more\').forEach(el => el.remove());\" onmouseenter=\"this.getElementsByClassName(\'v-markdown-it-show-more\')[0] ? this.getElementsByClassName(\'v-markdown-it-show-more\')[0].style.display=\'block\' : null\" onmouseleave=\"this.getElementsByClassName(\'v-markdown-it-show-more\')[0] ? this.getElementsByClassName(\'v-markdown-it-show-more\')[0].style.display=\'none\' : null\"><pre class=\"language-none\" style=\"background-color:rgb(241, 242, 243);border-radius:3px;border:1px solid rgb(229, 229, 229);box-sizing:border-box;color:rgb(36, 41, 46);direction:ltr;display:block;font-family:SFMono-Regular, Consolas, &quot;Liberation Mono&quot;, Menlo, Courier, monospace;font-size:15px;hyphens:none;line-height:1.45;margin:1em 0px;overflow:auto;padding:1em;tab-size:4;text-align:left;white-space:pre;word-break:normal;word-spacing:normal;\" data-filename=\"\"><code class=\"language-plaintext language-none\" style=\"box-sizing:border-box;color:rgb(36, 41, 46);direction:ltr;display:block;font-family:SFMono-Regular, Consolas, &quot;Liberation Mono&quot;, Menlo, Courier, monospace;font-size:15px;hyphens:none;line-height:1.45;overflow-wrap:break-word;tab-size:4;text-align:left;white-space:pre;word-break:normal;word-spacing:normal;\">Job for nginx.service failed.\r\nSee \"systemctl status nginx.service\" and \"journalctl -xe\" for details.\r\n</code></pre></div><p>&nbsp;</p><p style=\"-webkit-text-stroke-width:0px;background-color:rgb(255, 255, 255);box-sizing:border-box;color:rgb(27, 27, 27);font-family:&quot;Open Sans&quot;, -apple-system, BlinkMacSystemFont, &quot;Segoe UI&quot;, &quot;Helvetica Neue&quot;, Arial, sans-serif, &quot;Apple Color Emoji&quot;, &quot;Segoe UI Emoji&quot;, &quot;Segoe UI Symbol&quot;;font-size:18px;font-style:normal;font-variant-caps:normal;font-variant-ligatures:normal;font-weight:400;letter-spacing:-0.003em;margin-bottom:0px;margin-top:1.5em;orphans:2;overflow-wrap:break-word;text-align:left;text-decoration-color:initial;text-decoration-style:initial;text-decoration-thickness:initial;text-indent:0px;text-transform:none;white-space:normal;widows:2;word-break:break-word;word-spacing:0px;\">Cảm ơn các bạn đã dành thời gian đọc bài viết của mình.</p>',1741010647922,'','/blog/1741022665350_tai-xuong.png','cài đặt chứng chỉ SSL Comodo PositiveSSL','Hướng dẫn cài đặt chứng chỉ SSL Comodo PositiveSSL cho website trên WebServer Nginx (Máy ảo Linux)',1741022667239,'03335040-5b23-4bad-8edc-90855b85d516','8c5783b4-d0aa-4ee8-8f0c-8f7b6e8f5a88');
/*!40000 ALTER TABLE `blog` ENABLE KEYS */;
UNLOCK TABLES;

--
-- Table structure for table `categories`
--

DROP TABLE IF EXISTS `categories`;
/*!40101 SET @saved_cs_client     = @@character_set_client */;
/*!50503 SET character_set_client = utf8mb4 */;
CREATE TABLE `categories` (
  `id` varchar(255) NOT NULL,
  `name` varchar(255) DEFAULT NULL,
  `position` int NOT NULL,
  `slug` varchar(255) DEFAULT NULL,
  PRIMARY KEY (`id`)
) ENGINE=InnoDB DEFAULT CHARSET=utf8mb4 COLLATE=utf8mb4_0900_ai_ci;
/*!40101 SET character_set_client = @saved_cs_client */;

--
-- Dumping data for table `categories`
--

LOCK TABLES `categories` WRITE;
/*!40000 ALTER TABLE `categories` DISABLE KEYS */;
INSERT INTO `categories` VALUES ('56a91936-0d53-4f03-8904-15c330f99492','Spring Boot',2,'spring-boot'),('8c5783b4-d0aa-4ee8-8f0c-8f7b6e8f5a88','Khác',3,'khac'),('bd3e1860-afc2-4f7d-8fb6-c6a787c8e0c4','React',1,'react');
/*!40000 ALTER TABLE `categories` ENABLE KEYS */;
UNLOCK TABLES;

--
-- Table structure for table `comments`
--

DROP TABLE IF EXISTS `comments`;
/*!40101 SET @saved_cs_client     = @@character_set_client */;
/*!50503 SET character_set_client = utf8mb4 */;
CREATE TABLE `comments` (
  `id` varchar(255) NOT NULL,
  `content` text,
  `created_at` bigint DEFAULT NULL,
  `root_id` varchar(255) DEFAULT NULL,
  `blog_id` bigint DEFAULT NULL,
  `user_id` varchar(255) DEFAULT NULL,
  PRIMARY KEY (`id`),
  KEY `FKdbueb2umo93l6hbt66d8ueo2l` (`blog_id`),
  KEY `FK8omq0tc18jd43bu5tjh6jvraq` (`user_id`),
  CONSTRAINT `FK8omq0tc18jd43bu5tjh6jvraq` FOREIGN KEY (`user_id`) REFERENCES `users` (`id`),
  CONSTRAINT `FKdbueb2umo93l6hbt66d8ueo2l` FOREIGN KEY (`blog_id`) REFERENCES `blog` (`id`)
) ENGINE=InnoDB DEFAULT CHARSET=utf8mb4 COLLATE=utf8mb4_0900_ai_ci;
/*!40101 SET character_set_client = @saved_cs_client */;

--
-- Dumping data for table `comments`
--

LOCK TABLES `comments` WRITE;
/*!40000 ALTER TABLE `comments` DISABLE KEYS */;
/*!40000 ALTER TABLE `comments` ENABLE KEYS */;
UNLOCK TABLES;

--
-- Table structure for table `permissions`
--

DROP TABLE IF EXISTS `permissions`;
/*!40101 SET @saved_cs_client     = @@character_set_client */;
/*!50503 SET character_set_client = utf8mb4 */;
CREATE TABLE `permissions` (
  `id` varchar(255) NOT NULL,
  `active` bit(1) NOT NULL,
  `api_path` varchar(255) DEFAULT NULL,
  `method` varchar(255) DEFAULT NULL,
  `name` varchar(255) DEFAULT NULL,
  PRIMARY KEY (`id`)
) ENGINE=InnoDB DEFAULT CHARSET=utf8mb4 COLLATE=utf8mb4_0900_ai_ci;
/*!40101 SET character_set_client = @saved_cs_client */;

--
-- Dumping data for table `permissions`
--

LOCK TABLES `permissions` WRITE;
/*!40000 ALTER TABLE `permissions` DISABLE KEYS */;
INSERT INTO `permissions` VALUES ('CREATE_BLOG',_binary '','/blog-api/blog/create','POST','CREATE_BLOG'),('CREATE_COMMENT',_binary '','/blog-api/comment/create','POST','CREATE_COMMENT'),('DELETE_BLOG',_binary '','/blog-api/blog/{id}','DELETE','DELETE_BLOG'),('DELETE_COMMENT',_binary '','/blog-api/comment/{id}','DELETE','DELETE_COMMENT'),('GET_ACCOUNT',_binary '','/blog-api/auth/account','GET','GET_ACCOUNT'),('GET_ALL_BLOGS',_binary '','/blog-api/blog/list','GET','GET_ALL_BLOGS'),('GET_ALL_COMMENTS',_binary '','/blog-api/comment/list','GET','GET_ALL_COMMENTS'),('GET_BLOG_BY_ID',_binary '','/blog-api/blog/{id}','GET','GET_BLOG_BY_ID'),('GET_BLOGS_PAGINATION',_binary '','/blog-api/blog/pagination-list','GET','GET_BLOGS_PAGINATION'),('GET_COMMENTS_BY_BLOG_ID',_binary '','/blog-api/comment/{blogId}','GET','GET_COMMENTS_BY_BLOG_ID'),('GET_CONTACT_ADMIN_INFO',_binary '','/blog-api/contact','GET','GET_CONTACT_ADMIN_INFO'),('GET_RELATED_BLOGS',_binary '','/blog-api/blog/related-list','GET','GET_RELATED_BLOGS'),('GET_SETTING',_binary '','/blog-api/setting','GET','GET_SETTING'),('LOGIN_ADMIN',_binary '','/blog-api/auth/admin/login','POST','LOGIN_ADMIN'),('LOGIN_SOCIAL_MEDIA',_binary '','/blog-api/auth/login-social-media','POST','LOGIN_SOCIAL_MEDIA'),('LOGOUT',_binary '','/blog-api/auth/logout','POST','LOGOUT'),('READ_USER',_binary '','/blog-api/user/{id}','GET','READ_USER'),('REFRESH_TOKEN',_binary '','/blog-api/auth/refresh','POST','REFRESH_TOKEN'),('UPDATE_BLOG',_binary '','/blog-api/blog/update','PUT','UPDATE_BLOG'),('UPDATE_SETTING',_binary '','/blog-api/setting','PUT','UPDATE_SETTING'),('UPDATE_USER',_binary '','/blog-api/user/list','PUT','UPDATE_USER');
/*!40000 ALTER TABLE `permissions` ENABLE KEYS */;
UNLOCK TABLES;

--
-- Table structure for table `role_permission`
--

DROP TABLE IF EXISTS `role_permission`;
/*!40101 SET @saved_cs_client     = @@character_set_client */;
/*!50503 SET character_set_client = utf8mb4 */;
CREATE TABLE `role_permission` (
  `role_id` varchar(255) NOT NULL,
  `permission_id` varchar(255) NOT NULL,
  KEY `FK2xn8qv4vw30i04xdxrpvn3bdi` (`permission_id`),
  KEY `FKtfgq8q9blrp0pt1pvggyli3v9` (`role_id`),
  CONSTRAINT `FK2xn8qv4vw30i04xdxrpvn3bdi` FOREIGN KEY (`permission_id`) REFERENCES `permissions` (`id`),
  CONSTRAINT `FKtfgq8q9blrp0pt1pvggyli3v9` FOREIGN KEY (`role_id`) REFERENCES `roles` (`id`)
) ENGINE=InnoDB DEFAULT CHARSET=utf8mb4 COLLATE=utf8mb4_0900_ai_ci;
/*!40101 SET character_set_client = @saved_cs_client */;

--
-- Dumping data for table `role_permission`
--

LOCK TABLES `role_permission` WRITE;
/*!40000 ALTER TABLE `role_permission` DISABLE KEYS */;
INSERT INTO `role_permission` VALUES ('ADMIN','CREATE_BLOG'),('ADMIN','CREATE_COMMENT'),('ADMIN','DELETE_BLOG'),('ADMIN','DELETE_COMMENT'),('ADMIN','GET_ACCOUNT'),('ADMIN','GET_ALL_BLOGS'),('ADMIN','GET_ALL_COMMENTS'),('ADMIN','GET_BLOG_BY_ID'),('ADMIN','GET_BLOGS_PAGINATION'),('ADMIN','GET_COMMENTS_BY_BLOG_ID'),('ADMIN','GET_CONTACT_ADMIN_INFO'),('ADMIN','GET_RELATED_BLOGS'),('ADMIN','GET_SETTING'),('ADMIN','LOGIN_ADMIN'),('ADMIN','LOGIN_SOCIAL_MEDIA'),('ADMIN','LOGOUT'),('ADMIN','READ_USER'),('ADMIN','REFRESH_TOKEN'),('ADMIN','UPDATE_BLOG'),('ADMIN','UPDATE_SETTING'),('ADMIN','UPDATE_USER'),('USER','GET_ACCOUNT'),('USER','REFRESH_TOKEN'),('USER','LOGOUT'),('USER','LOGIN_SOCIAL_MEDIA'),('USER','GET_ALL_BLOGS'),('USER','GET_BLOGS_PAGINATION'),('USER','GET_RELATED_BLOGS'),('USER','GET_BLOG_BY_ID'),('USER','GET_ALL_COMMENTS'),('USER','GET_COMMENTS_BY_BLOG_ID'),('USER','CREATE_COMMENT'),('USER','GET_SETTING'),('USER','GET_CONTACT_ADMIN_INFO');
/*!40000 ALTER TABLE `role_permission` ENABLE KEYS */;
UNLOCK TABLES;

--
-- Table structure for table `roles`
--

DROP TABLE IF EXISTS `roles`;
/*!40101 SET @saved_cs_client     = @@character_set_client */;
/*!50503 SET character_set_client = utf8mb4 */;
CREATE TABLE `roles` (
  `id` varchar(255) NOT NULL,
  `active` bit(1) NOT NULL,
  `name` varchar(255) DEFAULT NULL,
  PRIMARY KEY (`id`)
) ENGINE=InnoDB DEFAULT CHARSET=utf8mb4 COLLATE=utf8mb4_0900_ai_ci;
/*!40101 SET character_set_client = @saved_cs_client */;

--
-- Dumping data for table `roles`
--

LOCK TABLES `roles` WRITE;
/*!40000 ALTER TABLE `roles` DISABLE KEYS */;
INSERT INTO `roles` VALUES ('ADMIN',_binary '','ADMIN'),('USER',_binary '','USER');
/*!40000 ALTER TABLE `roles` ENABLE KEYS */;
UNLOCK TABLES;

--
-- Table structure for table `settings`
--

DROP TABLE IF EXISTS `settings`;
/*!40101 SET @saved_cs_client     = @@character_set_client */;
/*!50503 SET character_set_client = utf8mb4 */;
CREATE TABLE `settings` (
  `id` varchar(255) NOT NULL,
  `description` varchar(255) DEFAULT NULL,
  `email` varchar(255) DEFAULT NULL,
  `facebook_link` varchar(255) DEFAULT NULL,
  `fanpage_facebook_link` varchar(255) DEFAULT NULL,
  `instagram_link` varchar(255) DEFAULT NULL,
  `messenger_link` varchar(255) DEFAULT NULL,
  `site_name` varchar(255) DEFAULT NULL,
  `title` varchar(255) DEFAULT NULL,
  PRIMARY KEY (`id`)
) ENGINE=InnoDB DEFAULT CHARSET=utf8mb4 COLLATE=utf8mb4_0900_ai_ci;
/*!40101 SET character_set_client = @saved_cs_client */;

--
-- Dumping data for table `settings`
--

LOCK TABLES `settings` WRITE;
/*!40000 ALTER TABLE `settings` DISABLE KEYS */;
INSERT INTO `settings` VALUES ('setting','Chào mừng các bạn đến với website của tôi!','thuanhmdev@gmail.com','','','','','ThuanHM','Trang chủ');
/*!40000 ALTER TABLE `settings` ENABLE KEYS */;
UNLOCK TABLES;

--
-- Table structure for table `users`
--

DROP TABLE IF EXISTS `users`;
/*!40101 SET @saved_cs_client     = @@character_set_client */;
/*!50503 SET character_set_client = utf8mb4 */;
CREATE TABLE `users` (
  `id` varchar(255) NOT NULL,
  `image` varchar(255) DEFAULT NULL,
  `image_provider` varchar(255) DEFAULT NULL,
  `name` varchar(255) NOT NULL,
  `password` varchar(255) NOT NULL,
  `provider` enum('GITHUB','GOOGLE','SYSTEM') DEFAULT NULL,
  `refresh_token` mediumtext,
  `username` varchar(255) NOT NULL,
  `role_id` varchar(255) DEFAULT NULL,
  PRIMARY KEY (`id`),
  KEY `FKp56c1712k691lhsyewcssf40f` (`role_id`),
  CONSTRAINT `FKp56c1712k691lhsyewcssf40f` FOREIGN KEY (`role_id`) REFERENCES `roles` (`id`)
) ENGINE=InnoDB DEFAULT CHARSET=utf8mb4 COLLATE=utf8mb4_0900_ai_ci;
/*!40101 SET character_set_client = @saved_cs_client */;

--
-- Dumping data for table `users`
--

LOCK TABLES `users` WRITE;
/*!40000 ALTER TABLE `users` DISABLE KEYS */;
INSERT INTO `users` VALUES ('03335040-5b23-4bad-8edc-90855b85d516','/avatar/default_user.png',NULL,'ADMIN','$2a$10$ZGgbm//QTBWhb06wo3x3FeddO7/8tYi1HPxEnv3BiwExVTF69LRYm','SYSTEM','eyJhbGciOiJIUzI1NiJ9.eyJzdWIiOiJhZG1pbiIsImV4cCI6MTc0MTYyNjU4NywiaWF0IjoxNzQxMDIxNzg3LCJ1c2VyIjp7ImlkIjoiMDMzMzUwNDAtNWIyMy00YmFkLThlZGMtOTA4NTViODVkNTE2IiwidXNlcm5hbWUiOiJhZG1pbiIsIm5hbWUiOiJBRE1JTiIsImltYWdlIjoiL2F2YXRhci9kZWZhdWx0X3VzZXIucG5nIiwiaW1hZ2VQcm92aWRlciI6bnVsbCwicm9sZSI6eyJpZCI6IkFETUlOIiwibmFtZSI6IkFETUlOIn0sInByb3ZpZGVyIjoiU1lTVEVNIn19.FZ8Cl98nHiQahYMn0tdI-JHqx2b9lb-X8zfFDDpzCBw','admin','ADMIN');
/*!40000 ALTER TABLE `users` ENABLE KEYS */;
UNLOCK TABLES;
/*!40103 SET TIME_ZONE=@OLD_TIME_ZONE */;

/*!40101 SET SQL_MODE=@OLD_SQL_MODE */;
/*!40014 SET FOREIGN_KEY_CHECKS=@OLD_FOREIGN_KEY_CHECKS */;
/*!40014 SET UNIQUE_CHECKS=@OLD_UNIQUE_CHECKS */;
/*!40101 SET CHARACTER_SET_CLIENT=@OLD_CHARACTER_SET_CLIENT */;
/*!40101 SET CHARACTER_SET_RESULTS=@OLD_CHARACTER_SET_RESULTS */;
/*!40101 SET COLLATION_CONNECTION=@OLD_COLLATION_CONNECTION */;
/*!40111 SET SQL_NOTES=@OLD_SQL_NOTES */;

-- Dump completed on 2025-03-04 11:50:50
